artDate,year,intern_id,content
12/05-12/11,109,1,開始在本店上班外，還要去別家店支援，每次支援的時候都只會想客群、客人、活動內容，活動內容好難想啊!品項只有這些，要如何搭配內容以及價格，真的好難啊~畢竟現在很多人健康意識抬頭，希望有一些健康、熱量不高的東西吃。      認識的客人都好可愛，不管是阿姨還是婆婆，我在他們眼裡應該是他們的女兒或孫女吧!認識這些客人讓我覺得每天都像在交朋友一樣，幸好沒有遇到要介紹兒子或孫子給我的，哈哈哈哈哈哈
12/12-12/18,109,1,快到聖誕節了，每間店開始以了聖誕節的氣方以及裝飾，這禮拜不忘要跟客人推薦聖誕節蛋糕，但是自己站店還可以認識新的櫃位也滿開心的，讓自己都不用煩惱吃的東西，哈哈哈哈！這禮拜沒有遇到什麼神奇的客人，只有客人要推薦我然後邀請我跟他一起去直銷團體。幸好一口氣拒絕了，要不然不知道要多久才會結束這短暫的惡夢。
12/19-12/25,109,1,這個月開始要衝刺聖誕節蛋糕的預購，發現在一人店根本不知道到底活動內容以及折扣跟優惠，當客人詢問時，都不知道該怎麼辦...... 幸好前店長願意幫忙我解決問題， 這週得了腸胃炎直接休息了三天，真的生不如死，上吐下瀉，上班直接吐了好幾輪，謝謝幫我上班的同事，特地從永和跑來幫我上班，才短短四小時而已。也體會到平常時跟同事的關係是多麽的重要。
12/26-01/01,109,1,經歷了上禮拜的腸胃炎，這禮拜沒有完全復原就上工了，雖然生病的時候有發生了一些事情，但是想了想，我也不是有意要讓另一個人上了六天的整天班。讓前店長去跟他說了說，也感受到了一些歉意，但是說出來的話已經不能收回。或許對方所說的並沒有惡意，但是也讓我學到了不少，謝謝店長休假特地來給我一些東西吃，還有關心我。
01/02-01/08,110,1,經歷了聖誕節，接下來重點活動是春節了，春節禮盒、發糕，第一次知道我們原來有在做發糕，而且還有三個顏色，每個都發的好滿，真的是太有農曆春節的感覺了！！！而且距離農曆春節還有幾個星期，已經有阿姨們來詢問，最近麵包銷量都不太好，只能用冷藏品來衝業績，幸好接近農曆春節，公司紛紛開始舉辦尾牙或是部門聚餐之類的，讓我有穩定的業績～
01/09-01/15,110,1,距離這間店要收起來還有一個月，調來這裡後，也認了不少熟客，還有其他櫃位員工，之前每天都在想什麼時後要撤櫃，卻覺得離開這裡就會想念這裡的一切，發生的點點滴滴。每個客人都覺得不應該收起來，我已經習慣來這裡了。但是也發現到折扣真的可以吸引到消費者，除了要去慈惠宮參拜的民眾或是逛菜市場的民眾，少數客人真的都是因為這裡折扣多而來的。
01/16-01/22,110,1,以實習生的身份待著，也有學到說話的藝術，這門課真的很難，因為看見了有些同事因為本身個性較直接，說話不拐彎抹角。然而有時候直接並沒有關係，但是有時候在百貨公司這種地方，就是需要一些適當得宜的服務。 這週幫同事危機處理，要不然客人真的差點投訴了他。也讓我深深感受到何謂說話的藝術
01/23-01/29,110,1,這禮拜過得非常平穩，沒有發生了什麼事情。經歷過了腸胃炎之後，發現身體真的要好好保重，何況像只有兩個人的店，一個人生病，另一個人就要承擔，甚至要一直上班。      這禮拜非常平安，沒有什麼意外。有時候發現客人都會默默地認人，雖然一開始不知道這裡的客人或是什麼，實際來了之後真的發現，原來客人比我們還會認人，會說：今天是你喔～那個弟弟今天沒上班喔！ 每當客人這樣說，我就會覺得原來客人都有偷偷地觀察。
01/30-02/05,110,1,下禮拜是農曆年了，這週開始大家陸陸續續出門採買年菜或是要祭祖的食物，越來越有農曆年的味道。今年公司開始有做發糕，這項產品真的讓我百思不得其解，為何麵包店會出現發糕？甚至還有紹興醉雞？？ 我真的滿頭問號！讓我知道原來，麵包店也可以出醉雞呢！為了搶攻年節商機。公司也真努力研發。現在開始越來越期待實習結束的那天來臨～二月了！！！加油加油！！ 
02/06-02/12,110,1,這週終於是農曆年節了，謝謝店長讓我回去家裡跟家人好好過三天年假，雖然別人是五天，我這種職業有三天我也很開心，回去吃吃飯，看看家人，有了一些動力之後再回來繼續努力上班。這禮拜待在店裡的時間少，回去陪陪家人，真的很開心～～ 回去陪陪家人聊天、吃飯，讓我很開心，漸漸開始覺得回家的時間少了，更珍惜那些與家人團聚在一起的時光。
02/13-02/19,110,1,上禮拜的休息後，今天一開店真的是有一些後遺症哪～～ 一早在包裝的時候，真的是都不知道在做什麼，差點把客人要的東西給賣出去了。本以為樓上辦公室的人們都好好回去陪陪家人，殊不知有人跟我一樣初四就開工了。以為農曆春節生意會不太好，幸好出來逛街的人潮滿多的，好險沒有丟很多麵包。
02/20-02/26,110,1,這個月底，我們的櫃位就要撤走了。說起來滿難過的，還記得剛開始來的時候非常的抗拒，但是還是逼自己面對了。這其中也領悟到很多很多的事情，甚至是同事之間的溝通能力。在這間店，跟著這位店長，並沒有什麼不好，有增加了一些跟客人的相處啊～溝通上的能力，雖然會一起抱怨哪個客人不好或是什麼，但抱怨完也是繼續努力上班～ 過幾天後又要去別家店開始上班了～那邊的客群又不一樣，不知道接下來的挑戰會是什麼？好期待啊～ 
02/26-03/05,110,1,這禮拜好好的與松山店的櫃位阿姨們好好道別了，這週開始去了微風南山，發現是前店長！心裡為之瘋狂，超級感動，熟悉的方式，人、事、物，真的好開心啊！！！好久沒有團隊合作，超喜歡的感覺，這就是團隊合作啊！雖然客人什麼的都不一樣，這裡客人嘴巴更挑。個個都是老饕級別，吃了味道不對就會馬上反應，真是考驗我的反應能力啊！開始期待在這裡的生活了～ 
03/05-03/12,110,1,來新店的第二個禮拜，之後要在這裡待到實習結束了。這裡的一切既熟悉又陌生，雖然同事們之前都有一起上班過，但是第一次沒有師傅的感覺真是奇怪，客人們紛紛議論著為什麼沒有師傅，就要一一跟客人解釋原因，真的好累啊！這裡的客人真的滿有禮貌的，也有一定的程度，不會趕你要快點，只會慢慢的排隊等待結帳，真的是天使客人啊！！！！
03/13-03/19,110,1,第一次在這裡開晨會，真的是好好笑啊！早上要一起做體操，用體操來迎接美好的一天，真的好好笑，第一次難免覺得害羞彆扭極了！！原來在這麼高檔百貨公司，早上還要一起做體操才能開晨會，也是個新奇的體驗。在這裡默默的開始認識別櫃位的員工們，開啟了我的社交能力，看看能不能讓店裏的業績成長一些，不然客人看到沒有師傅就會直接走過去！
03/20-03/26,110,1,漸漸開始接近夏天了，天氣 忽冷忽熱，讓業績也起伏不定，到底該怎麼辦呢？想要店長開會的時候不會因為業績問題被點名做報告，但是每每覺得自己很努力了，成果卻不盡理想，只能告訴自己已經努力了，沒辦法就是沒辦法。希望有天業績真的可以好起來，才不會枉費那麼貴的租金！！！
03/27-04/02,110,1,清明連假開始了，大家都回去清明祭祖了，這週的百貨公司沒有什麼人，還是努力的上班，，雖然知道大家清明連假都會自己煮菜，等於一個小圍爐的感覺，也是家庭可以聚在一起的日子，下個月就是實習結束的日子！！想到這個就有動力繼續上班了！！！
04/03-04/09,110,1,連假終於過去了！有動力繼續上班了！！人潮回來的感覺真好，這樣不用擔心今天要丟掉多少錢的麵包跟吐司了！越接近下個月心裡就越波濤洶湧，店長在詢問我要不要續留時，其實心裡滿掙扎的。畢竟跟同事們有革命情感，經歷了風風雨雨，說不難過也是騙人的，要開始懷念之前的點滴，時光總是短暫的，希望畢業後我也會懷念這些。
04/03-04/09,110,1,經歷這次的實習學會了適時的站在他人想法思考，經營一間店除了本身要做的工作以外，其實最重要的就是團隊合作，這份工作真的非常需要團隊合作，不能自己一個人假裝堅強，然後自己去面對甚至是應對。有時候遇到雷隊友拖累到團隊的時候真的覺得很嘔，更嘔的是溝通的過程當中常常會起衝突。幸好我的脾氣沒有很大，要不然就跟她吵起來了！ 這趟旅程中真的很多辛酸血淚，也修了很多脾氣跟對事情的態度或是想法，讓我覺得自己默默的長大了，學會用不同角度看待事情、去思考著下一步該怎麼做。 帶著收穫滿滿的心，即將踏入下一個階段。
04/03-04/09,110,1,這件事情差點跟同事吵架了呢！有客人某天因為想要買東西請自己部門人員們吃，不多不少剛好要40顆，但是我同事跟他說現場的數量沒有那麼多可能要幫你從別家店調貨，他便一口氣答應了客人。之後出包了，別間店的店長沒接電話，這下子該怎麼辦呢？沒想到我同事居然請客人買了一半泡芙一半蛋糕，客人想了一會兒，還是答應了。結果我還是跟她說客人要多少？我們可以拜託副理請蛋糕部追加給我們，沒想到我同事怎麼樣都不告訴我，甚至理直氣壯的跟我說：「我處理好了！你不用擔心。」但我還是很白目的傳真給蛋糕部說要追加的品項，要不然明天店裡沒東西可以賣。想不到隔天客人指著冰箱說：「你們這裡不是有泡芙嗎？為什麼昨天跟我說沒有？」真的是讓隔天上班的人無緣無故的被客人罵，幸好我們店長有訓斥了她，要不然這口氣真的吞不下啊！！！
04/03-04/09,110,1,我覺得現階段我能學的東西已經差不多了，因為我們能做的事情就是這些，剩下的事情幾乎都是店長自己扛，謝謝店長！
12/08-01/01,109,2,"從上一份工作結束到現在大概一個多月的空窗期,這段時間當然我也沒有浪費,除了每天早上聽個CNN新聞,閒暇之餘也在之前的餐廳打工,也開始在找下一份實習工作,但可能接近年尾,並沒有太多的選擇機會,今天剛好是2021年1月1日,希望過了這個糟糕的2020能夠迎來更好的轉機,目前打算應徵的工作還是偏行銷類的,也有想過轉往業務方面,畢竟能夠賺錢的職業除了學歷頂端的行業,再來就是業務了,在還沒找到工作的這段時間,我也會去多閱讀業務相關的書籍,也藉這機會讓我能更多的接觸不同的產業"
01/04-01/09,110,2,"這禮拜除了每天加強英文,閱讀商業週刊等,也開始找了幾家公司,可能學校實習生轉職的人數也開始慢慢增加,學校也新增了一些廠商可以選擇,但大多還是服務業,但當中有幾家婚禮顧問公司,感覺也是很不錯的選擇,目前心裡已有幾家選擇,但有的時候真的還是得向現實低頭,並且做最壞的打算,因此選了幾家服務業,山不轉路轉,路不轉人轉,碰到這種狀況大概也只能轉換心態,也不斷告訴自己撐完這學期就沒事了,但這大概就是人生,總會碰到挫折,不管怎樣我還是相信自己的能力,相信最後一定能找到適合我的工作"
01/11-01/15,110,2,"這禮拜去面試了星巴克,選擇星巴克的原因主要有幾個,第一個是他是大公司,因此基本該有的勞健保,時數應該都會合乎法規,再來這也是高度會接觸人群的一個職業,但可能之前一直在準備的面試內容都是在應對公司主管或人資的方式,反而在面試服務業上面有點碰到小挫折,但這對我來說其實也是一個學習的內容,畢竟他們問的一些問題,我連想都沒想過,經過這次面試其實也提醒了我一件事,就是在我這個年紀應該甚麼都要學,不應該放棄任何一個學習機會,這樣才有機會成為一個更好的人"
01/18-01/22,110,2,"這禮拜去了巨匠美語面試,選擇巨匠的原因是想說,也許有機會接觸到招生的工作內容,一來可以增加接觸客群的機會,這是我上一份沒辦法碰到的,二來可以磨練自己的業務能力,面試的地點在北車的旗艦分校,在跟人資面試的過程都還算順利,且人資的談吐很溫柔讓人感覺很安心,在面試的時候他也介紹了公司的一些訓練制度,基本福利等等,且也提到說實習生如果也談成一筆,也可以抽成,跟正職是一樣的,這也給我了一些對未來的期待,如果能順利進去,我想這應該會是一個良好的實習經驗"
01/25-01/29,110,2,"這禮拜接到了巨匠的錄取通知,本來的計畫是多去面試幾家,但考慮到時間的緊迫,再晚一些可能會影響到實習時數的問題,所以還是選擇了接受這份工作,但同時也放下了心中的大石頭,目前收到的通知是說,會被分配到士林分校,雖然本來期待的是在新店分校服務,因為離家很近,但士林還算是一個可以接受的距離,時間的話統一年後2/17號開工,也就是說大概還有兩個禮拜多的空窗期,這段時間我應該會去研究一下補教業這項產業怎麼運作,也希望之後可以順利實習到結束,順利畢業,"
02/01-02/05,110,2,"這禮拜在家搜尋了很多補教業的資訊,才發現原來補教業的市場比我想像的還要大,尤其台灣的家長普遍都是雙薪家庭,因此很多父母都會把小孩送去補習班,不但可以提升成績,還可以省去照顧的時間,雖然去年疫情初期的爆發,讓很多補教業的業績都很慘淡,但還好台灣的防疫很成功,基本上只要有做好量體溫跟消毒,學生都還是會來上課,除了基本措施做得好,現在許多產業也發展線上工作的模式,補教業當然也不例外,雖然線上課程從以前就有,但現在對補教業來說反而也漸漸成為一種趨勢"
02/08-02/12,110,2,"上禮拜寫週記的時候提到了線上教學的模式,這禮拜也針對了不管是線上工作、面試、開會、課程,甚至是展覽、演唱會等等做了一些調查與研究,我覺得這次疫清真的改變了整個世界的運作模式,讓人類的生活越來越走向虛擬化,更依賴電子產品,因此連帶很多的電子類上市櫃公司的股票都漲價,特別是台灣人對台積電股票的漲幅應該是最有感的,往虛擬化的生活模式走雖然很便利,但畢竟隔著螢幕還是會少了點溫度的感覺,也許在不久後的將來,”實體”反而會成為一種賣點"
02/14-02/20,110,2,"這禮拜是正式上班的第一週,大概認識了一下環境還有工作內容,我負責的職位是班務管理,跟我想像得差異不大,但要學的東西真的挺多的,光是系統操作就有點複雜,並且這週主管有特別跟我講解了一下美語的課程內容,全部講完大概就花了兩個小時,課程的架構大概分為六層,每一層又有分很細的類別,目的就是為了能幫學員安排最適合他的課程,也是我之後主要的工作之一,再來就是一些電話邀約的技巧,這也是一門很深奧的學問,畢竟正常人接到補習班的電話一開始意願可能都不大,於是話術技巧就很重要,主管跟我說再接起來的15秒就可以判定能不能成功約到這個人,下禮拜也會針對邀約技巧來做訓練"
02/21-02/27,110,2,"這禮拜三去了巨匠美語的新人訓練,地點在北車總部,偷偷觀察了一下現場的新人年紀都比我大,上午的時間大概簡短的介紹了一下課程還有一些談業務的案例分享,收穫還蠻多的,印象最深刻的是區主管分享自己碰到過一個客戶,在談的時候雖然客戶的行為有點怪,但還不至於太誇張,也算是順利談完,簽約,離開之後過了沒有多久,又看到他回來並且帶著他父親,父親一進來就把一本手冊丟到桌上,是一本殘障手冊,主管這時說,只要領有手冊的人,任何的簽約行為在法律上都不算數,主管接著分享他對父親說的話,他說今天孩子好不容易有想要走出來學習的心,但第一個碰到的阻饒竟然是自己家長,這會是多大的打擊,並繼續說道,今天就算您不來我們這邊上課,我一樣希望告訴您,在孩子的學習成長路上我們應該給予支持並傾聽溝通,聽到這邊我其實蠻感動,也許這份職業是靠推銷課程賺錢,但能給予的幫助涵蓋的範圍不只是單純上課而已"
02/28-03/06,110,2,"這禮拜主管積極針對我”過問卷”這項技能做強化,我們在每個客戶來訪的時候,都會請客戶進會議室,並用一對一聊天的方式來大概了解他的背景,藉此推敲出他的學習動機,目標等等,也能了解客戶對進修外語能夠接受的價格,並了解他能上課的時間等等,這對我來說算是蠻大的挑戰,畢竟我的性格沒辦法對每一個人都能這麼有好奇並充滿熱情,除非是剛好碰到跟我興趣相同的人,雖然我現在主要負責的工作是行政還不用接觸到談客戶的部分,但主管意思是還是希望我能稍微具備這種能力,以備不時之需,至少不會在沒有人手的情況下讓客戶乾等,我也蠻認同的,在這個年紀能吸收就盡量吸收吧"
03/07-03/13,110,2,"上禮拜針對”過問卷”這項技能做訓練,這禮拜也一樣在進行訓練,剛好這禮拜下午的時候有一位客戶進來詢問課程,是一為年輕女子,看上去大概大我3~4歲,因為當下所有的人手上都有事情再忙,因此主管要求我進去過問卷,了解他的需求,進去之前很緊張,進去之後更緊張,除了本身我很菜之外,那位學員的態度也是冷冷的,沒什麼反應,整個問卷過完大概才三分鐘我就出來了,雖然基本的需求有了解到,但跟正常的流程比還是太快,還是無法拉近我跟客戶之間的距離,這對我來說算是目前碰到最大的挑戰,希望之後能越來越進步"
03/14-03/20,110,2,"這禮拜進行了為期三天的新人訓練,地點在北車的旗艦分校,這三天資訊量算是非常大,從公司簡介、人事規章,再到課程內容、產品、問卷等等,其實三天的時間真的很難完整吸收,不過我覺得巨匠還不錯的是對員工的教育訓練很完整,且每個人都能使用公司內部的EMAIL,區主管也說,如果有任何問題,除了詢問主管,也可以透過EMAIL連絡他,有薪資或勞健保上的疑問不但可以從公司內部網站查詢,也可以EMAIL給HR,這在我前一份工作是完全不可能得到的,雖然目前工作上還是有點不適應,但公司制度我給很高的評價"
03/21-03/27,110,2,"這禮拜除了做基本的工作之外,還加入的新的工作,就是為我服務的分校設計一些簡單的文宣,像是偏向有趣課程的英語俱樂部,或是多益模擬考的文宣等等,因為之前畢業專題的時候有參與一些美編的設計,所以其實設計這類的文宣沒什麼問題,除了設計文宣等等,之後我也要負責一個人班宣,也就是在同學上課前或下課後進去做個簡單的宣傳,告訴學生目前我們有在進行的一些優惠或是活動等等,目前來說工作上除了實際與客戶接觸之外,沒有碰到甚麼太困難的問題,希望可以這樣順利實習下去"
03/28-04/03,110,2,"這禮拜開始總公司宣布每家分校每個月都要辦行銷活動,並且會有兩千塊的餘額可以使用,主管的意思是說要辦抽獎,並詢問我的意見,剛好之前在製作畢業專題的時候也有為我們合作的廠商舉辦抽獎活動等等,因此我與主管分享了我之前的經驗,於是主管就將文宣,美編,活動內容等等都交給我處理,雖然不是甚麼很難的事情,但還好有之前的經驗,因此這次接到的工作也是順順利利的將它完成,並且之後每個月的活動沒有意外也是我會負責,我想雖然我沒有到很喜歡這份實習工作,但多多少少還是能從這份實習工作的細節當中得到一些成就感"
04/04-04/10,110,2,"這禮拜有公司舉辦的校園講座,在我們士林分校,學生是文化大學美術系的同學,去問了同仁之後才知道公司有一個專門的部門是專門接洽學生的,像是學生需要辦活動或是成果發表等等需要資金,就可以跟這個部門聯繫,公司可能會規定需要同學拉30個人來聽講座,然後同學就可以獲得三千台幣的報酬,但目前觀察下來,其實這些同學想學英文的意願不大,大部分都只是為了社團或系上的活動而來參加,不過其實只要講座有一位同學報名,那公司其實也能回本,看得出來公司很想將客群拓展到學生上面,尤其是大學,但老實說巨匠在大學裡風評真的是不太好"
04/11-04/17,110,2,"這禮拜的十五號本來要新人回訓,就是回總公司做結訓,但卻因為感冒外加上咳嗽很厲害,因此主管叫我不要去,畢竟現在疫情雖然趨緩了一些,但是在持續的咳嗽下還是不要去造成恐慌比較好,畢竟會議室還是處於密閉空間,這個月我的上早班的天數也提高了不少,但有幾天晚班接早班是真的比較累,晚班十點下班,回家一個小時,早上九點半要上班,再連續這種排班下我在想可能是因為這樣造成抵抗力低導致感冒,但我有跟主管反應過,之後應該比較不會有這種連續排班的情況"
04/18-04/24,110,2,"這禮拜主要的工作都是在幫新生排課,新生報名的時候會有老師幫忙測程度,從初階的LEVEL1到最高階LEVEL6,每個階級能上的課都不一樣,越往上難度越高,除了基本的會話課程,還有很多的副修課程可以選,像是LEVEL1副修能選自然發音,幫助同學再程度較基礎的時候能狗矯正發音,養成習慣,看到單字就會念,LEVEL3的時候能上旅遊美語,從買機票到CHECK IN,搭機,到當地旅行,回程一條龍的學習,學完之後短期的自助旅行是OK的,LEVEL5的等級能上CNN聽力訓練,外師會針對CNN不同的主題作探討,讓同學能習慣母語人士講話的速度,因此再幫同學排課的時候.除了要了解學員的狀況,還要熟習一到六階的課程,其實還蠻不容易的"
04/25-05/01,110,2,"這禮拜是之前做行銷活動的抽獎日,原本以為參加的人數不會很多,但看抽獎箱裡的票券卻比我預期的還多,表示這次的活動還是有起到一定的效果,除了用公司配的餘額買了一台空氣香氛機+精油做禮物,主管還自掏腰包買了其他禮物,但比較可惜的是抽獎當下我在教室看課,沒有當下參與,不過事後看直播的紀錄,反應都還蠻不錯的,之後每個月都會有類似的活動,希望可以帶動我們士林分校的人氣,主管也問我實習結束後有沒有要繼續待著,畢竟離當兵可能還要一段時間,我的想法是在畢業到當兵的這段空窗期衝刺英文能力,期望自己多益能考個750,因此婉拒了她,但這段時間在這裡實習還是給我留下了很美好的回憶"
04/25-05/01,110,2,從一開始到現在累積了不少的經驗，涵蓋的範圍其實也很多，包括電話行銷、過客戶身份了解需求、介紹課程、課程安排、協助同仁與外籍老師溝通，甚至是分校的行銷活動發想，ＤＭ設計等等都一手包辦，雖然有很多事情但是真的也讓我學到很多東西，即使待的產業歸類為補教業，但這些不同的工作卻讓我了解到自己未來志向的無限可能性，可能也是因為在上一份工作的經驗，不管是好的或是不好的，再到現在這份工作實習，都讓我了解到一件事，所謂的實習，除了提早進入職場能適應畢業之後工作的模式，更可以提早讓我思考關於未來要做一輩子的工作是甚麼，因為不管是任何工作多多少少都會接觸到不同的工作或是能觀察到不同產業運作的模式，也可以認識跟多在業界待過的人聽他們分享他們的經驗，對我來說這才是實習最重要的意義。
04/25-05/01,110,2,這段實習期間印象最深刻的事除了疫情的二度爆發之外，工作上就是我獨自與客戶洽談了吧。正常我們顧問上班的時間是下午一點半，所以我們在約客戶的時候通常也是約下午，人手也比較充足，而像是班務大多數都是早上一個人上班，因此這段期間我也碰過兩個客戶在上午顧問不在的時段就來，那當然就是我一個人進去談，從一開始過問卷了解需求，到呼叫線上老師讓同學體驗上課模式，最後再介紹課程等等，都由我一個人完成，不可否認的是真的很緊張，因為一個人上班，主管同事都不在，也不能即時的做詢問，所以其實這一系列的過程都會有點卡卡的，也深怕客戶會有其他地方不了解，不過還好最後都沒這些問題，但因為去年實習發生的一些問題導致我這份實習的期間比較短，不然我想在給我多一點時間，我應該也能很流利的做完這些事。
04/25-05/01,110,2,關於前面提到過問卷了解需求，呼叫線上老師讓同學體驗，再到介紹課程，其實還有最後一個步驟，就是報價，報價這件事情我認為也是最重要的，畢竟價格高低絕對會是影響客戶想不想要買的一件因素，且報價的方式及內容裡面也有很多的技巧，每個人在報價所使用的話術也都不太一樣，但我想礙於我是實習生也可能是因為我待的時間還不夠長，所以主管一直以來都沒有讓我對顧客做報價這件事，畢竟報價報的不好是絕對會影響成交率的，這我倒是可以理解，因此如果時間還允許的話，我還想學習的事情就是報價。
11/02-11/06,109,3,10/31-11/2是實體旅展的日期，各大飯店真的都是推出了好多好康的優惠，公司這次真的是忙翻了，看著業務部接不完的電話，看著行銷部一直不斷確認事情，看著採購部忙著開會還要跟廠商追加東西，看著財務部也是接不完的電話、出不完的票卷，各單位都卯足全力在旅展這件事情上面，覺得自己身在這個團隊裏感到很榮幸，新聞每天都再跟進各家飯店的兢爭情況，而我們老爺一直位居榜首，看到老闆居然擔心起財務部票卷出不完的情況趕緊請其他各部門協助幫忙，還派出了自己的秘書，真的是一件挺令我難忘的小插曲。
11/09-11/13,109,3,這週一如往常繼續去財務部幫忙出票卷、包票卷、寄票卷，因為每份都是要寄保值的現金袋不可馬虎，我都覺得郵局看到我的時候，他們都很緊張，因為數量太多，增加了他們很多的工作量，這週除了去財務部幫忙之外，也需要經常回到櫃台做一些日常的工作事項，兩周以來，每天上班都覺得自己有個目標努力的那種感覺，很棒，很喜歡這種氛圍，每天回家也都比較好睡，比較遺憾的是，因為老爺旗下的飯店推出的組合優惠各館都不一樣，有時候客人的問題還需要尋找，除了體力，還很考驗邏輯跟記憶力。
11/16-11/20,109,3,剛忙完旅展，這週開始招開各館2021的預算會議了，好像會有一段時間要因為這件事情而忙碌，各館總經理向董事會成員報告未來一年的規劃，真的是在一旁把長官們送進去，就覺得他們好辛苦喔，往後看會議室的預約情況，一週起碼安排3場預算會，持續大概3週左右的時間，開會前的佈置，開會中的茶水，開會後的收拾，都很不容易，只有親身經歷過才會有那種超乎平常的感覺，無論是工作人員或是開會的長官，都讓我感到相當佩服。
11/23-11/27,109,3,一樣是個忙碌的一週，最近開會比較多，大家看到我都會和我道說一句：「辛苦囉」，有一次一連開了兩個館的，中間僅10分鐘的時間進行換場，緊張之餘還是努力地有效率完成，毛澤東曾說「虛心使人進步，驕傲使人落後」，這句話使我印象深刻。在實際的生活當中，常聽到同輩的抱怨：“工作很累，錢掙的很少”，簡單說就是心委屈了，真的很開心老爺這個文化下，很常聽到辛苦了、謝謝、請問，簡單的話語，可以讓人感覺備受尊重。
11/30-12/04,109,3,終於，這週開完最後一場預算會議，學到最重要的，就是實務經驗，能夠走出校園，脫離舒適圈，走進真正的社會中，不僅學習到相關工作能力與技巧，更重要的是能夠身處職場上，如何建立良好的互動關係，提升個人的人際溝通與協調能力，甚至能夠積極的參與工作內容，以充實自身能力，我認為自己這次真的收穫豐碩。覺得蠻酷的是，對於飯店業的經營稍微會有些概念，連帶也充實了相關的專業知識與經驗，這對未來的我增添了一筆豐富的履歷。
12/07-12/11,109,3,12月開始，走在外面的街道上到處都瀰漫著聖誕節的氣息，就連辦公室，也擺出了一棵聖誕樹，趁著這個特別的節日，我們館也默默地開啟小天使小主人的遊戲，逐一的走進辦公室，讓大家抽籤，看看自己要默默對誰好，這個遊戲也讓我整個12月都在忙碌中度過，因為我是坐櫃台，又是這個遊戲的主辦者之一，不得已知道了很多的機密，大家都會來委託我幫他們轉交自己的小卡或是小零食給所屬的那一位，透過這個遊戲，也增添了自己在館內的價值，很好玩很有趣，充實而快樂。
12/14-12/18,109,3,這週行政的事物比較多，持續的再論公司的聖誕節活動，除了小天使小主人還可以玩什麼花樣，加上當天活動該如何進行，挺有趣的是，我每天幫大家送小東西，自己也收到了很多小東西，大家就說，很謝謝你，這給你吃，然後我都會受寵若驚的再三確認，這是給我的嗎，有點不敢相信，而後彼此都覺得好笑，到底是有多不相信這是給你的，真的很開心呀～越來越期待聖誕趴踢的那天，大家跟自己的小天使小主人相認的場景了，偷偷說，有些人還開始捉弄別人呢！（搞冒充）哈哈！
12/21-12/25,109,3,終於到了最重要的一週，12月在做的事情，幾乎都是為了那一天！因為算是公司名正言順的福利之一，當天也會將中業、南業的同事一同請上來同樂，活動費用也獲得了福委會的贊助，餐點直接去好事多扛回來，挺壯觀的，整車的計程車後面都被放滿，當天最意外的事情是，原本預定下午就開趴，但因為早上資訊在進行防火牆升級，整個公司的網路，一下有一下沒有，無法好好的辦公，大家索性直接在辦公室聊天起來，提早開趴了！下午的趴踢自己覺得真的辦的挺好的，相認現場大家笑整場，阿我也跑整場，最意外的是，連長官都相當熱衷於這個遊戲！我真的太佩服了！明年有留任的話，一定要在玩一次！直接變成聖誕節的傳統似乎不賴。
12/28-12/30,109,3,好好的收尾今年、為明年做準備，這週氣溫直降，難得在城市裡也能有個位數的溫度出現，最冷的那天剛好回學校跟同學取暖，也是不錯溫馨！經過半年的實習生活，其實也大概習慣了這樣的生活步調，學校就快要成為往事了，每次回來都有在倒數的感覺，有點感傷，卻也開心我的朋友們都有在好好的上班、好好的實習，新的一年，想做出一些成績來，剛好今年運動會在五月，在實習結束前，想好好的辦好它。
03/30-04/02,110,3,新年的第一週就好多會議要開，用日常的瑣碎事來開啟新一年的工作生活，喜歡上班時這種忙而充實的感覺，跟大家越來越熟悉也越來越得心應手工作的事物了，眼看實習也只剩五個月，這五個月我可以做些什麼增加自己的履歷呢，現在的我暫時想先放下這些想法專心的做好眼前的事物了，計畫總是感不上變化的，知道自己還有很多不足的，就慢慢地去累積工作經驗跟工作方法吧！ 
01/11-01-15,110,3,好快就要過年了，可以感受到各單位都相當忙碌，比起上個月的忙又是不同的忙，農曆年前要完成、要處理的事情更是多到不行，光是每天外出送公文就知道，公文厚厚一袋，相當重，內部除了努力消滅代辦事項，還努力批了一堆審核出來，每天都好充實~而我也都在思考運動會該如何舉辦，還有月底的慶生會，都在默默的蒐集資料蒐集情報中，很希望自己的想法可以被採納，一切都尚在努力中，給自己一個加油～
01/18-01/22,110,3,因為上週六日，剛好再進行年度的檢修，上周五下班前大家都用報紙把自己的辦公桌罩起來，施工會有多的灰塵，果然周一上班，就是先進行自已區域的整理，再來公共區域，會議室整理都是我負責的，一個上午跑來跑去就腳酸了，實習生活一周一周的過去了，作為一名即將畢業的大學生，我實習的目的很明確，就是獲取工作經驗，在很多的耳濡目染之下，漸漸地我對公司的整個操作流程有了一個較完整的了解，儘管崗位職能與所學專業仍有較大的差距，仍然是拓寬了自己的知識面。
01/25-03/01,110,3,這週因為疫情關係，大家上班都比較緊繃一點，因為館內有很多業務都會外出進行拜訪，這週也都明顯感覺到減少，公司部份因為是HR部門的，所以也協助調查員工的接觸史，幸好我們管都沒有人去接觸到，疫情關係，非常時期，大家都要務必好好的保重身體，而其中也看到從桃園通勤來上班的同事被掛上有色的目光，自己也是桃園人，被家人說最近都先不要回家怕會影響到工作，可以理解大家怕生病，但我們桃園人也不是自願的，更何況我們為甚麼要受到這些異樣的眼光呢? 在任何事上，我們都應該保持公平公正的態度，而不是隨之起舞，這週每天都很關心家鄉的疫情，希望可以快點停止，大家都平安健康。
02/01-02/05,110,3,就快要過年了，幸好這週疫情逐漸明朗，公司的氣氛也稍微緩和一點了，我慢慢地開始獨立的籌備生日會了，進入了主管在旁給意見的時期，有時候覺得決策權都在自己手上，但其實不然，都還是要請示過主管，這次慶生會辦在過年前，因為疫情關係今年沒有春酒，我們特地找到金主自掏腰包的贊助抽紅包，果然只有錢才能觸發大家的慾望和參與度，很開心這次的慶生會在圓滿中完成，很喜歡這種看到大家開心我就開心的情緒。 
02/08-02/09,110,3,這周終於要過年了，只上兩天班這週都變歡樂了呢！辦公室這兩天都好多人沒有進來，導致於有點太安靜，真的有要放假的氣氛，過完年，好多項目都要開始動起來了，包括運動會的籌備需要實際去執行，還有繼續開會的深淵，累歸累但還是挺有趣的！都是會讓我學到很多的工作內容，這樣也比較有上班的動力，期待過完年後喔！
02/17-02/20,110,3,身為上班族，第一次跟著大家過年假，也體驗了所謂的返鄉潮列車，真的是有點辛苦呢！不過所幸因為疫情關係採實名制，車廂上都是一人一座，乘車時可以完善的休息到，過完年，增肥回來，第一件事就是打掃辦公室的各個區域，準備隔天的重要會議，還有下個月的慶生會，另外也美化了茶水間，不斷地在籌備2021集團運動會的事宜，籌備的過程，果然是相當的繁雜，需要極度的細心去思考一件事要如何去執行與規劃，算是遇到了挺多的挫折，不過關關難過關關過，相信自己可以的，加油！
02/22-02/26,110,3,這週就是瘋狂的籌備一些日後集團的活動，包含之後集團內部會開始進行初中高階的訓練課程，我負責的就是讓大家專心上課，協助大家訂餐跟幫講師準備教材阿還有場佈…等等，其實就是有點類似慶生會訂餐的概念，只不過有訓練課程的這幾天，我需要每天都打電話再去跟店家確認今日的餐點、送到的時間、再次提醒店家需要開統編，基本上都還挺得心應手的，另外這週也剛好適逢月底，相關財務作業需要注意時間，其餘沒有甚麼困難的。
03/02-03/05,110,3,最後一篇的實習週記了，細數這段實習的日子裡，很感謝這邊給予的學習機會，已經和主管聊過了，因為這份工作不需具有任何工作的技能，所以之後不會再繼續留任，聊的過程中，可以感受到主管想留我的遺憾，以及我真的很讓他滿意，說實話，還是有一點小小的失落，不過換個方向去思考，也算是為我好，也許我可以出去闖一闖其他的職務，莫名的很期待未來的自己又會到哪間公司去發揚光大呢，希望在最後的日子裡，有時間好好的謝謝這邊的每一位，謝謝大家包容我，謝謝大家總是和善的對待我，讓我體驗一下大公司的實際運作，說不完的感謝感恩，珍重再見囉！
03/02-03/05,110,3,大概的了解了各部門的運作後，非常感謝主管給我一些機會讓我去學習如何辦一個活動，雖然很多時候我都是坐在櫃檯沉思，網路找很多資料，找到頭痛還是一直在思考著規劃預算的分配，思考遊戲如何去進行，其實每次活動後都很開心，大家的快樂會讓我有成就感，我覺得找一份工作最重要的就是，你喜歡你的工作嗎?你的工作讓你有成就感嗎? 如果沒有這兩項的話，這份工作可能就無法做的長久。  
03/02-03/05,110,3,籌畫了聖誕節活動，回想起那個月真的都在東奔西走，除了開會很多之外，最重要的是因為聖誕遊戲我們玩的是小天使小主人，館內同事真的都有默默地去關心自己的對象，因為不想被發現是誰都會來櫃台請求我的協助，我也都很開心地去幫助大家，其中，還會默默地捉弄起別人來(以我的角度的口吻，寫紙條關心他)，真的真的很有趣，每天都有笑料，每天都能感受到自己被愛所包圍，聖誕節當天也一起跟同事去好事多扛了好多食物回來，下午的相親大會也是滿滿的有趣，整場活動結束後，好多人都有跟我說：「辛苦你囉！」講真的，很開心自己的付出有回報的感覺，也很開心辦的這麼成功有趣。
03/02-03/05,110,3,已經確認了自己不會留任的事情，因為其實這份工作不需要什麼工作技能，換成是別人也都能勝任的，我自己也覺得，就算留也許也就是2年，一直待在舒適圈也不是辦法，留的話也只是因為現在我還有在外面學一些我感興趣的事情，留下來的話我比較熟悉，不需要再有時間適應，況且這邊福利制度、工作氣氛都很好，聊的時候主管也告訴了我的優點優勢，我真的很謝謝主管在這邊對我的照顧還有給予我學習的機會，未來的新工作希望自己可以學到一個技能，不辜負大家對我的期望，跟自己說聲加油！  
12/21-12/27,109,4,這禮拜有一天特早班寄物台，每次只要有這個職務的時候，不知道是不是太緊張的關係都會肚子痛，但特早班通常都只有一個人站所以不能離崗位，除非是九點電梯的人來之後，自行協調可不可以請他來幫忙你站一下，但我本身也不喜歡麻煩別人，所以都一直希望自己能趕快好起來就好了。
12/28-01/03,109,4,今天值勤時遇到一位客人，說我的服務態度很好，讓我覺得很開心，因為我覺得我只是將自己份內的工作做好，報樓面、然後提醒了那位客人她要去的樓層還沒到，讓她沒有走錯樓，但是他願意開口給我這個鼓勵，真的覺得很開心。
01/04-01/10,110,4,一整天都是站梯外的導引，對我來說導引比開電梯還要不容易，因為導引承擔很多東西，像是顧客的情緒等等，但是因為平常練習導引的機會不多，對我來說今天一整天都是站導引，幫助滿大的，一遍一遍的重複讓自己熟悉。
01/11-01/17,110,4,為昨晚沒睡好，又碰上加班，因此到晚上時很想睡。開電梯時遇到了吳素吟副理，因為有上過認識主管的課程，因此認得她，主動打過招呼後，主管親切地問了我還適不適應，叫我要加油。這周遇到非常熱賣的特賣會活動，又剛好是星期五晚上，人潮非常的多，地下一樓在沒導引的情況下，排隊路線直接從電梯口排過梯廳延伸到了賣場裡，雖然人潮眾多，但是顧客們都排的非常有規律，沒有人插隊也沒有抱怨
01/18-01/24,110,4,今天上班時先去了服務台實習，到了服務台後真的覺得很忙，電話會三台同時響起來，讓人很驚慌，再加上下午突然下暴雨，許多客人都前來服務台要為商品包上防水塑膠袋，我們手腳都沒停過，但是我覺得服務台可以學習到更多的東西，因此也很喜歡。
01/25-01/31,110,4,今天比較忙碌，因此在導引時比較容易遇到客人不愉快的情況，總是會覺得電梯還很空，為什麼不讓他們進去。有時被罵久了會感到有點委屈，不過我能理解等候這麼久一定會有不開心的情緒，自己還需要再多多適應。
02/01-02/07,110,4,今天值勤時遇到許多娃娃車的客人，每次他們要離開時都會很可愛的跟我們微笑，再大一點的小朋友還會說謝謝和再見，讓人看了很愉快。今天還有小朋友離開前跟媽媽說以後要當電梯小姐，讓人忍不住微笑，有時在電梯內遇到小朋友的童言童語，都會覺得一整天心情都變好了。 今天人潮比較多，正餐時間的排隊人潮眾多，有時導引時攔人會比較容易碰上不愉快的客人，也會比較容易被顧客責備，或是在安排顧客等候哪一班電梯時因為判斷電梯快慢的失誤而被怪罪，一開始會覺得有點氣餒，不過我想只要經驗多了，以後這樣的情況就不會常發生了，加油。
02/08-02/14,110,4,今天發現上超市特早班時有一些有趣的地方，就是會跟客人有比較多的互動。通常早上來光臨的顧客比較不多，因此客人們比較會悠閒地與我們對談、微笑、關心我們，讓我覺得很有趣。 而且這周有載到一位客人，人很親切地稱讚我們同仁的服務態度都很好，和日本的文化一模一樣，我覺得這就是這份工作有趣的地方，這是一個你對別人微笑，就也能得到別人笑容的工作，反之也是。每一次得到別人回報我的一個微笑，就會覺得很窩心。
02/15-02/21,110,4,最近比較常去寄物台支援，今天下午時有點忙，客人比較多，但是只要一件一件把客人需要的事務穩穩地處理好，就會很有成就感。記得有一位客人跟我說很喜歡我的態度，覺得我是一個溫柔的人，讓我多加油，我聽到之後覺得很開心，覺得自己的努力有被肯定，雖然寄物台常常偏忙，但是是我很喜歡的一個崗位。
02/22-02/28,110,4,今天支援了較長時間的寄物台，有遇到較為繁忙的時段，令我印象深刻的是在一個很忙的時刻，我正在等VIP的貴賓向貴賓廳的人確認停車優惠，此時後面的顧客們同時喊著請我先處理他們，正在我快動搖的時候，有位顧客幫我制止了後面想要先插隊的客人，等我把手上的事務處理到一段落，最後服務到他時，客人跟我說：「小姐辛苦了，但你一定要堅持先來的先服務這件事，以後都要。」我很感謝這位客人的正義感，也很感謝他給我上了這一課。
03/01-03/07,110,4,今天跟著前輩又再一次地去了最早班的寄物台做實習，這一次跟著前輩習的更仔細、更清楚了，前輩非常的有耐心，每一件事情都講得很仔細，也願意等我去理解和做筆記，讓我學習到了很多新事物。
03/08-03/14,110,4,今天支援寄物台時遇到了比較多自己不太熟悉的業務，像是退換貨換停車的兌換方式或是廠商洽公的備註欄應該怎麼打，因此在淑娟姊來交接班時向她確認自己不懂的地方，淑娟姊也很親切地讓我多想想平常自己執勤時有沒有遇到的問題，讓我盡量問她，我也詢問了許多，是很有收穫的一天。
03/15-03/21,110,4,今天晚班上到最後我們這組的晚班人員只剩下了我和珍羽，聊聊後才發現我們都對於這份工作的感受都很像，都擔心自己會不會表現不好，希望自己不會造成別人麻煩。晚班送客前互相在休息室裡給對方打氣，互相確認送客組該做的事項都沒有遺漏，有同伴陪伴督促的感覺真的很棒。
03/22-03/28,110,4,今天支援寄物台時遇到了比較多自己不太熟悉的業務，像是退換貨換停車的兌換方式或是廠商洽公的備註欄應該怎麼打，因此在前輩來交接班時向她確認自己不懂的地方，前輩也很親切地讓我多想想平常自己執勤時有沒有遇到的問題，讓我盡量問她，我也詢問了許多，是很有收穫的一天。
03/29-04/04,110,4,最近幾次在西側送客梯送客時，發現晚上到了最後11、12樓基本上都是員工們成群結隊來搭電梯，人數多時往往讓下面樓層真正的客人們搭乘不到電梯，會讓我覺得對客人們有些不公平，畢竟我們送客梯開這麼晚本來就是要載客人們，不是要載員工的。
04/05-04/11,110,4,最近支援寄物台時都會遇到一位常客，是一位年長的伯伯，人非常的親切與健談，很喜歡跟我們說話，有時常鼓勵我，有時還會想拿口香糖或巧克力給我吃，基於在工作的原則一定是不會收的，但還是非常感謝客人溫暖的好意。 
04/12-04/18,110,4,今天因為與顧客的溝通之中產生了一些誤會，因此被客人口出較為不好聽的話，覺得有些受傷。當時在分開上樓的安排之中，我只與三位中需要稍後的那一位客人作協定，而未與他同行的友人確認到，導致在梯門關上後，先進來的兩位顧客很不開心，並要求我將電梯調頭回去接他，同時口出惡言，雖然基於以客為尊的服務宗旨，我馬上將電梯調頭，但還是覺得有些灰心。不過我想自己也有疏漏的地方，下次無論再忙碌，都要更謹慎周全才行。
04/19-04/25,110,4,這幾天一直都有遇到插隊的客人，需要我們服務人員去提醒，插隊的人才會去排隊，站在服務人員的角度，我總是盡量去不讓插隊這個問題產生，因為對所有的人來說都不公平，因此當遇到了插隊經過提醒卻反而生氣的顧客，實在覺得很無奈，覺得他們完全沒必要來為難我們服務人員，因為要不要讓他們排在第一個，也不是我們說的算，一個人插隊，還要生氣不聽勸，後面的顧客也怪罪我，真的很為難。
04/19-04/25,110,4,大學期間讀到行銷管理這門課時，學習過服務有四種特性，分別為：服務無形性、服務不可分割性、服務變異性與服務易逝性。服務在購買之前無法被看見、品嚐或感覺到，也無法與提供服務者分割，因此服務被製造的同時，提供者與顧客的互動就是服務業行銷獨特的地方。 　　電梯服務人員就是百貨業獨特的行銷策略，在許多百貨陸續不再配置電梯服務人員後，SOGO百貨仍然堅持著傳統，也因為如此現在反而成了特別的存在。在顧客服務課這個單位中，服務品質是十分被要求的，從受訓期間就由課長親自訓練我們的發音咬字、姿態儀容，以創造更好的服務價值。實習期間，我也不只一次聽見顧客在交談中，提及到他們最喜歡逛的百貨就是SOGO百貨，因為有電梯服務人員，感覺較為不同，我深刻地感受到服務創造的忠誠度比課本上說的還要真實。     在這一年實習期間中，我們每天早上都會開朝會，與前輩一起不斷重複我們的值勤敬語與工作信條，「嚴守紀律、主動負責、克己貢獻、爭取榮譽」，雖然大部分的工作時間是在一部狹小的電梯，但是我們同時也將顧客與服務接觸的過程直接帶到顧客身邊，因此我認為這是一份比想像中還需要具備更多服務熱忱的工作，才能將服務與顧客滿意度串連在一起，也才能為這個團隊、為自己帶來更多的價值。 
04/19-04/25,110,4,剛開始因為不熟悉，因此非常勤於做筆記，也很依賴筆記，最初去寄物台做支援時也需要隨身攜帶；後期覺得工作內容本身其實不難，難的是面對人群以及情緒已經不穩需要宣洩的顧客，我應該要如何去安撫與面對，才是這個工作最大的挑戰。 　　十一月時正逢公司最盛大的週年慶活動，為期只有短短十二天，工作的壓力卻是平常的好幾倍，每一次出班都面對無止盡需要乘坐電梯的顧客，由於梯內空間有限而久候多時，因此很容易將怒氣放在服務人員身上，每一天面對許多的怒罵甚至人身攻擊、動手推擠，是我覺得實習以來最難熬的時光，期間我寢食都受到影響，非常不安穩，也是在這時發現自己的抗壓性還遠遠不夠。 　　偶爾值勤時也會遇到外國旅客，剛開始沒辦法很流利的與他們對談，也不是很勇於去開口與外國客人對話，因此總是指引顧客去服務台做詢問；關於樓面與活動等等相關問題雖然知道，卻會對自己自信心不足，因此也不容易開口詢問顧客是否有需要幫助的地方，深怕自己的服務會出差錯，反而有損公司形象。  
04/19-04/25,110,4,在這一年的實習裡，我計畫讓自己能更好的培養外語能力，由於公司位於觀光地，工作過程中經常遇到許多外籍旅客，自己偶爾無法很了解他們的要求，偶爾雖然聽懂了卻無法流暢的回答他們的問題，透過頻繁與外國人交流的機會，讓自己的外語能力更加進步；也勇於接受不同挑戰，配合寄物台與服務台的輪調支援，讓自己在眾多工作裡，慢慢擅於去處理業務細節，而不再只是像從前一樣只將事情朝大方向去處理。實習期間也尊重團隊與這份工作，善用自己的性格優點，不破壞部門一直以來的專業形象，樂於助人並且在這過程中摸索出危機應對時的技巧，我將在這些目標當中持續深化努力，以加強自我價值。
12/09-12/15,109,5,這週在我們sogo12樓的活動中心，展出的是韓國展，裡面有很多韓國的甜點，眾多人喜愛的各式湯品的料理包，熟食，在還沒開始展出前，因為公司在之前就有很多廣告和宣傳了，在還沒開始佔展出前每天上班都一定會有一堆客人問，第一天人潮就真的超多，大家都大包小包的，電梯就很難放很多人，就變的說等電梯的時間就變更久，抱怨的人根本一堆，插隊的阿，先上後下的，但還是遇到很多很好的客人，都會說謝謝，也會在電梯裡分享她買了甚麼好吃的東西。
12/16-12/22,109,5,這週有了第一次的電梯演練，就是主管們會和大家在一起類似像開會那樣，但是同仁們會一個接一個上來而主管會扮演客人的角色，會問一些在執勤過程中客人會問的問題或是我們可能會遇到的狀況，看我們是否能有效正確的處理狀況和給予客人正確的指引問答，因為主管說從這個月開始每個月都會有一天這樣的測試，因為是新的考試模式，其實很多同仁都很不太熟悉而且第一次和主管一對一的這樣其實真的很緊張很害怕，主管課長其他同仁都在看著你，當下其實真的很怕做錯或說錯。
12/23-12/29,109,5,這週上班的時候真的覺得客人很不聽話又沒禮貌，有一天我在1樓西側當導引人員，因為當天地下1樓非常多客人和娃娃車輪椅，所以我每趟都會跟外面排隊的人超過六個人之後就會說可能等到第二班，在看他們是否願意等還是直接轉搭手扶梯就，剛好在第六位時，因為樓下突然有兩台娃娃車就攔到了一位小姐就跟他致歉說已經滿載了，要等第二班，他直接在1樓對我大罵說我難道就不能跟電梯裡面的人員控制好更正確的數量嗎但其實對於這種完全沒有理智性的客人，我其實都不會理他讓他氣消了就沒事了。
12/30-01/05,109,5,這週因為要跨年了，我31號那天我有上班當天真的非常多人，因為大家都想要趕著買東西去聚會，尤其是地下2樓的超級市場我看結帳人員的手都沒有停過結帳人潮和超市裡面都非常多人，但還好我是上早班因為聽晚班的人說當天晚上去12樓吃飯的家庭非常的多，而我們公司同事也有舉辦交換禮物，其實同事大家真的都很好，還帶很多零食度過2020的最後一天。
01/06-01/12,110,5,這週天氣真的變得很冷，因為我們平常上班都是穿裙子絲襪，制服也都是差不多合身的，裡面頂多加一件件薄的發熱衣就剛好合身了，所以就算冷也不能怎麼辦，但後來主管有去跟課長反應上層的人員，後來有補發給我們一人一雙厚的保暖襪，還好有這個不然在1樓導引時那個風一直吹真的會感冒，而且因為現在大家都穿很多外套羽絨衣，有時候電梯門關因為羽絨衣很澎都很怕會夾到，因為之前有其他同仁說有夾破客人的羽絨外套，賠了不少錢，都有點小擔心都更加的留意。
01/13-01/19,110,5,這禮拜有一天上班時差一點遲到，明明是想特晚班1:15，居然也睡過頭睡到12:30，匆忙出門直接搭計程車，直接在計程車上化妝了，還好沒有遲到不然就要扣點了，還好到公司後還有一段時間可以整理儀容，不然亂糟糟的被客人看到也很不好。
01/20-01/26,110,5,這禮拜有來了一位新的正職同仁，他很熱情，雖然我不是很會主動認識別人，但他都會主動來跟我講話，因為他剛好分配到我們這一組，畢竟是新來的就算上過很多課了，實際上場還是要一段時間才會上手，所以只要看到他有不會的或是做錯的說錯的，我都會去幫忙而，他也很好我們其他同仁有幫到他的，他下班後還會買小點心給我們，他還會跟我們分享他上一份工作在IKEA的一些事情，有新的同仁進來真的是好事，可以多一點人力了。
01/27-02/02,110,5,這禮拜因為下禮拜開始就是過年了，因應過年，百貨公司裡面都開始放了過年的音樂，各式各樣的裝飾，在外面還放很多中國吊飾，而我們的制服也換成了中式旗袍，上半身紅色短旗袍，下半身黑色緊身短裙，配上黑絲襪真的不錯看，比之前的制服好看，而忠孝店的店長也看我們這幾天很辛苦發給我們顧客服務課兩三盒草莓，日本來的草莓就是不一樣好吃^ ^
02/03-02/09,110,5,這禮拜有了新的一批實習生進來，他跟我們不一樣，是半年的實習制的，有一個五專的兩個大四生，那個五專的呆了兩天後就走了，可能不適應也不喜歡吧，而剩下的兩個，有一個被分配到我們這一組，他是金門大學來這邊實習的，他說他們外島的大學可以自己選擇要不要實習，跟我們學校不一樣，我覺得還不錯可以讓學生自己選擇，不然感覺有很多其他同學都只是為了實習而實習。
02/10-02/16,110,5,這禮拜是過年我很慶幸的休了初一初二，而除夕那一天是上到晚上五點，會有幾位同仁是留守到晚上九點，會有額外的獎金，而除夕當天真的從早到下班人潮沒有變少過，尤其到四、五點的時候，去樓上11、12樓餐廳的家庭非常非常的多，一組家庭就大概十幾個人，真的很難讓他們一起上電梯，因為還有其他客人，變得說可能要分開來上不同班電梯，但客人都會吵架生氣，覺得為什麼不能上同一班電梯，是不是覺得其他人都不是人^ ^
02/17-02/23,110,5,這禮拜有一天站寄物台時，遇到了一位客人，他不會下載sogo App也不會使用，他就很不好意思地請我幫忙，在那時候還一直不斷地跟我道謝和說很不好意思，還要麻煩我，雖然這種事情很常遇到，也很常幫客人解決，但是這麼有禮貌的還是第一次遇到，其實在上班的時候遇到這麼有禮貌的客人其實真的會更願意去幫忙和協助，反倒是遇到不禮貌的客人更不願意去多幫忙。
02/24-03/02,110,5,在地下2樓食品名店區很常都會有不定時的臨時櫃，有賣蛋糕的餅乾的各式各樣的，而這禮拜剛好來了一家很有名的夾心餅乾，叫簡單李，他其實來了兩三次了因為業績都不錯，所以公司都會不定時請他們來，而我們的同仁每次都會跟他買常買到連他們的人員都認得我們，每次跟她們買的時候，都會多送我們幾個。
03/03-03/09,110,5,這週有開始上服務台課程了，主要上了遺失物管理和拾得物管理，以及公司的分機表，方便在之後站服務台的時候有客人有問題就可以很清楚的馬上知道要找哪個部門是哪個分機。
03/10-03/16,110,5,這禮拜有一天被客訴了，因為那時候很晚12樓非常多人，大家都好好的排隊，電梯因為不能先上後下，所以我們都會先跟客人說請您稍等再從13樓往下開始載，但那時候12樓有位先生從從中間衝進來他就直接說他要下樓，我說請你稍等電梯現在上樓，他就說不管我就是要先上，因為那時候很多人在排隊他直接從中間衝進來我覺得對其他客人很不公平，我就跟他說稍等13樓要先消毒稍等一下，但很不巧13樓店長就進來了，根本不能消毒所以就這樣下12樓了，那位客人就客訴我，説我欺騙他，根本瘋掉(⁎⁍̴̛ᴗ⁍̴̛⁎)
03/17-03/23,110,5,這禮拜上了第二堂的服務台課程，有調閱監視器，當客人有遺失東西、東西被偷或是在賣場裡面發生危險或是在電梯裡面遇到變態，小孩走失等等，不是客人說要看監視器就可以看，還要先報警通知警察，還有退換貨處理當客人要退貨時應該要找哪些人怎樣才能退貨等等。
03/24-03/30,110,5,這禮拜是痛苦的日本展，幾乎每天都要穿和服，都要提早來公司，而且很難吃東西因為很緊吃東西根本就沒辦法消化，而且很熱很不舒服，你要一直走來走去，而且這是日本展賣很多蛋糕，人每天都很多，而且穿和服的時候其實都會遇到很多客人要拍照和合照，其實都不想要，我有一天下班後其實有上去逛，也買了蠻多蛋糕的只是都不便宜就對了。
03/31-04/06,110,5,這週有一天上班時遇到了一群怪人，似乎是在11樓吃飯時喝醉了，請他們佩戴口罩，不但不佩戴還反過來嗆我，在電梯裡面甚至做出要打人的動作，還好他朋友拉住不然我差點就要按緊急呼叫鈕了，客人一直聲稱台灣根本就不需要佩戴口罩，而且他的朋友完全沒有要打算跟我道歉或是覺得很抱歉的意思，果然是什麼樣的人就有什麼樣的朋友，實在太可怕了。
04/07-04/13,110,5,這禮拜上班幾乎每天都會遇到一個男客人，他會不定時的一直搭我們同仁的電梯，他會從一台電梯搭完換另外一台，一直搭搭了幾乎快一整天，但他也沒做什麼事情，但就是有點恐怖，公司主管和警備課有在介入調查如果他有做什麼騷擾的動作就直接按呼叫鈕，真的不要再看到了，我覺得很恐怖，而且會嚇到，因為他都會突然出現在你面前。
04/07-04/13,110,5,變得更有耐心
04/07-04/13,110,5,印象最深客的事應該是在週年慶第一天上班，我那時候在地下1樓，一開店整點11點就聽到樓上有很急促的跑步聲非常可怕。還有第二天我是迎賓的人要去開大門，排隊的人潮真的很可怕整個外面旁邊附近都是人，門打開的那一瞬間還好有警備課在旁邊維持秩序，每個人都用衝的，連輪椅也是，場面真的很壯觀有被嚇到。週年慶上班的時候我們每個人都有帶麥克風不然這樣沒有客人聽得到我們講話，也是一件蠻有趣的事。
04/07-04/13,110,5,等學完服務台所有的課程，想能夠在服務台、寄物台和電梯，都能好好的表現。
07/01-05/31,109,6,這週有遇到一個比較特別的事情，就是在沖銷的時候有一個客戶的帳對不起來，因為這個客戶每次都會有折讓要扣，但負責的人之前都沒有給我們折讓對應的資料，所以都是以自己對的來沖，以至於現在要沖銷會對不起來，所以我們就去一個一個翻以前沖銷的紀錄來對，就有發現有一個金額多沖，就發信問相關的人是否有少申請。以至於現在他發現都會給我們對應的資料便於沖銷。在這個過程很謝謝姐姐帶著我來一筆一筆對資料並告訴我之後該怎麼做。
07/01-05/31,109,6,這週第一次做到期未付款的資料作業，因為每個月都會總整理看說那些客戶還沒付款、付款了但沒沖掉或是有可以正負相抵的沒沖掉，撈完資料還要發信給所有的業務看，讓他們知道他們負責的客人有哪些款項還沒付款才能催他們付款。還有一個客戶的折讓，可能因為當初負責的人客戶代碼申請錯，所以財務在作帳的時候發現有錯誤，所以只能請負責後台的人直接幫忙做更改。當初我收到信的時候很緊張以為是我打錯了，還好能從後台做更改，應該就不是什麼太大的問題吧。
07/01-05/31,109,6,因為我需要幫忙確認出貨數量跟金額是否跟業助提供的資料一樣，但這週給的資料不一致，所以就發信問他請他做確認，好險有仔細的查看，不然之後才發現的話應該就不好處理了吧。還有很常在打完單之後才被通知料已經轉廠區了，但訂單已經被副理核單了，這樣就會比較麻煩，需要把它先取消之後，再重新打單。如果料不多就還好，但遇到很多料的話，要仔細對數量、金額、採購單號碼對不對，很容易會對到眼花，不過換個方式思考這能夠培養細心度。
07/01-05/31,109,6,這週遇到比較多的狀況是要打單，但是料號無效，可能就是還沒申請或是申請了但程序還沒跑完，不過在打單的時候不會知道，所以通常都需要發信問，了解狀況之後就晚一點再去看看可不可以打了。來這邊實習後我覺得能培養耐心和細心度，在等待料號申請好的過程有點煎熬，因為會覺得還有事沒做完的感覺會有點煩悶，在打單的過程遇到比較多料的時候或比較多單的時候，就會告訴自己不要急要仔細檢查不要連複製貼上都會出錯。
07/01-05/31,109,6,這週比較平凡一點在訂單上都沒什麼問題，就跟平常一樣的每天打單、出貨單、折讓單、收料、過帳以及沖銷事宜。也要謝謝姐姐如果遇到任何問題問她，他都會細心地告訴我教我怎麼做，才能這麼順利的上手工作內容，還有主管們也都很好相處，沒有遇到機車或是不好相處的主管，雖然在工作的時候大家不太會聊天，但每當聚餐的時候都對我們很好不會讓人感覺有距離。
07/01-05/31,109,6,這週遇到一個單它有更改單價，但打的單別是外銷單我打完之後副理核完單會拋單在產生一個單別，所以我改完單價之後，需要再發信請副理再重新拋單，不然價錢會不一致，至於不需要拋單的單別的話，即使核過單只要更改單價就可以了，跟更改廠區一樣有拋單的話都會比較麻煩一點，要連同拋單的單別也一起取消再重新下到正確的廠區。雖然我現在實習是做一個小小的業務助理，幫忙打單處理一些雜事，但希望我的經驗能越積越多，在實習前能夠獨當一面，展現全新的自己。
07/01-05/31,109,6,謝謝在我實習的這段時間，幫助我的任何一個人，公司的姐姐、主管、老師、同學，讓我能在實習的這段時間沒出什麼大問題，也很快的就上軌道。也謝謝學校讓我們在最後一年有實習的機會，雖然我們這屆比較特別因為疫情的關係，少了不少工作機會，但我也很幸運地面是上了這間公司，也因為有這個實習機會讓我們能比別人早一點出社會看看在職場工作大概是什麼樣子，也能直接獲取實戰經驗，而不是每天都在學校座位上聽老師講課而已，在學校上課跟出來工作還是有所差異的。
07/01-05/31,109,6,將近年底了，每個人的工作也蠻多的，還有因為跟我一起在這間公司的同學這週去參加校隊比賽請了幾天假，以至於她負責的單需要下週才能打，所以姊姊就叫我先幫忙打，我也沒有覺得不好，因為幫她打單的話時間會過比較快，但也不能太粗心還是要細心的檢查。另外這週是聖誕節通常他們好像中午會一起訂外食，今年是有人去好市多買大家再一起平分，跟大家一起在小會議室裡吃也順便一起聊聊天，是一個很好的用餐時間。
07/01-05/31,109,6,這週是今年的最後一週了，來這實習也已經五個月了。每天日覆一日的打單對系統也越來越熟悉，也越來越了解公司的運作跟程序。也因為年底有些國外客戶放假的時間是我們的元旦這段時間，所以要聯絡客人的話要加緊聯絡，不然週一來上班想聯絡也找不到人。真的很慶幸自己能在疫情發生的這段時間還能面試上這間公司，還有這邊的人真的都很友善，遇到不懂的問題都會有耐心地教我，這應該是我大學四年裡遇到最好的一件事了。
07/01-05/31,109,6,很快的一學期過完了，也在這間公司渡過了一學期，時間真的好快阿。新的一年一樣日覆一日的做打單的工作，但也比當初來這的時候更加熟練了。雖然有時候會沒有單沒什麼事做，但還是要自己找事做，另外有一位經理偶爾會跟大家聊天他真的很搞笑，會讓辦公室的氛圍比較沒有那麼嚴肅，所以跟公司的主管、同事們有比較熟一點，比較會有一點點的互動了。還有這週公司有聚餐本來應該是要在聖誕前後聚的，但因為有主管出差回來所以延後了，這次聚會還有舉辦交換禮物大家準備的都很細心很有巧思，也有認識新竹的同事們，是一個很棒的聚會。
07/01-05/31,109,6,每天其實都做差不多的工作“打單”，也都蠻熟了，這週一不知道為什麼特別多單，打完一張單又接著一張單，印象中手好像都沒有停，不過我覺得這樣很好過得很快很充實，咻一下就準備要下班了，相反的，沒事的話真的太閒蠻無聊的。這週也有進貨大家也都去幫忙搬貨，一直坐在電腦桌前等單打，不如偶爾進貨時去幫忙搬搬貨走一走也不錯。還有要感謝帶我的姐姐讓我能很快的上手，真的是要多操作就會熟練，也希望我微不足到的小小實習生有幫助到他們。
07/01-05/31,109,6,這週三的時候辦公室的人都去開會， 業務跟廠區會發訂單的人也幾乎都去開會了，所以比較少單可以忙裡偷閒，就當一日的接電話小姐，因為還是會有客戶打電話來找業務，所以要幫忙接電話。還有這週有遇到一個比較特別的單，因為數量有問題但業務想先讓廠區備料，但沒有訂單號好像不太能核單也會比較麻煩，所以有先問姐姐，他說可以打單但不要發信給副理核單也先不要發信給廠區，等之後有採購單號後再作的樣子。希望在實習的階段可以遇到一些比較少見的訂單、問題，這樣之後遇到才不會不懂。
07/01-05/31,109,6,一週又過去了，這週也沒什麼特別的事，就是一直做差不多的事，但週五的時候帶我們的姐姐請假，我早上要打折讓單的時候就有遇到問題，我的主管早上也外出，所以等到下午再問我的主管，好像是系統的問題所以才打不了。雖然要問的時候會有點害怕緊張，但其實主管人很好，只是我太過擔心而已。另外，因為他們不在如果有電話的話要幫忙接，但還是會有點電話恐懼，怕打來的人問的問題我不會回答，所以只有幫忙接幾通而已，希望能早點克服這個障礙。
07/01-05/31,109,6,這週有做到一個將近30筆的出貨第一次做這麼多筆，擔心自己會選錯單、數量或料號，所以很仔細的對料號及數量，全部選完後也再重新核對一次，因為如果這個選錯的話會很麻煩所以真的要很細心。還有一個客戶的沖銷都是要跟大陸那邊要明細，不過有一個他給錯但財務已經過帳了，所以只能請他們作廢之後再重新沖一次。其他的時候就跟平常差不多一如往常的打單，有任何問題也會請教姊姊。
07/01-05/31,109,6,這週比較特別因為過年放春假只有上兩天班，也因為要放假所以事情沒那麼多比較輕鬆一點，這也算是從實習開始第一次放這麼多天的假。當然也不能因為要放假就草草了事還是要把分內的工作做好，雖然只有兩天上班天，但有遇到要下一個料號但他的成品料號有三個，所以要發信問相關的人應該要下哪一個。從一開始來的時候不懂說要下哪一個到現在可以自己發現問題去問相關的人，我想我應該也是有進步的吧！
07/01-05/31,109,6,可能因為剛放完連假回來，所以都沒有什麼單。不過有一個客戶的訂單需要我自己去網頁下載採購單傳到我的信箱再進行打單作業，但不知道為什麼我一直登不進去那個網頁，不過負責的業務就登的進去，所以他就先幫我寄到我的信箱。還有在週五的時候幫忙整理倉庫，把不要的線分類好方便拿去轉賣變現，弄完之後就覺得時間過很快。接著又去幫忙重工，這次一樣是檢查鐵片的地方有沒有刮痕，一開始我們檢查的時候被說太嚴格，可以放寬一點拿遠一點看，如果還看的到有刮痕就當作是不良品。在這邊實習除了可以學習到打單的系統偶爾也去幫忙做一些其他的事也是一個累積經驗的方法。
07/01-05/31,109,6,這週也有線材需要重工，但我們檢查了十箱只有一個不良而已，只能說客戶太會選剛好選到一箱比較多不良的。還有一天突然來了一堆事情要做，一月的沖銷、訂單和副總請我幫忙協助打資料，全部一窩蜂地來突然有點不知所措該先做哪一個，後來財務直接來我位置看我做沖銷，雖然有人看一有錯就能指正但他在旁邊看壓力真的很大，我真的手一直狂抖字都寫不好了。所以在這天也讓我重新體會到時間的安排也是很重要的，安排好工作才能井然有序地完成交辦的事項。
07/01-05/31,109,6,這週是最後一次寫週記了，但距離期末還有兩三個月，在這邊也待了快一年了，我覺得我也是有所收穫的吧。因為平常在學校課堂上老師教得都是死的，考試也是背一背就可以了，但實習這一年可以學到課本上沒有的東西，像是企業的系統操作……等等。可以從幫忙重工的工作中，了解到一些平常比較不常甚至不會接觸到的線類，我覺得在接觸這些線類的時候很有趣呢！
07/01-05/31,109,6,在這間公司實習了一年，學到了在學校不會教的系統，是一個很新鮮很特別的經驗這一年也會成為我生涯中一個很特別的回憶與歷練吧！也可能會成為我之後找工作的一個優勢。還有在企業工作後也大致了解到了企業在交易的整個流程，也從中體會到原來談到一個生意背後要做的程序這麼繁雜。還有在這邊落實了職場倫理不遲到早退且服儀端莊，這也是對於工作的一種尊重吧！
07/01-05/31,109,6,在實習間多多少少會需要幫忙接電話，一開始我接到大陸的人打來的時候，可能因為口音的關係他是要找我的，但我以為他是要找別人，還問了別人超丟臉的，所以之後都不敢幫忙接電話了，直到近幾個月偶爾才會幫忙接一下，這可能也是我在這實習中最丟臉的一件事吧。還有在剛來實習的時候有一個禮拜都在幫忙重工，一堆貨被退回需要檢查有沒有不良，真的是永遠都看不完的貨，一種料檢查完後又會有另一批別的料的等著我們檢查。
07/01-05/31,109,6,如果貴企業願意讓我留任我希望能學習船務的工作內容，因為說實話業務助理是人人都能做的，被取代的機會比較高，但船務要知道的事情比較多比較深入，也有很多事情需要記，需要跟船運公司聯絡，安排船或飛機還有要報關，雖然事情會比較多但會的東西比較專業也不會輕易被替代掉吧！
07/01-05/31,109,7,實習至今其實做的事情也都差不多，只是偶爾需要處理一些訂單的問題，目前也都沒有出甚麼大問題，我也盡可能的幫忙讓大家做事都能順利一點，其實這些事情中我最擔心沖帳，因為都是有關於錢的而且金額都很大，很多金額都要跟大陸去要明細之類的，就會很麻煩，所以每次沖帳時都希望撈出來的帳能夠對的上，就能省去很多麻煩了!!
07/01-05/31,109,7,這週相較比上週忙一點，每次只要有NHK要做的話，都會覺得時間過得特別快!而且有有些退貨折讓要打，訂單也蠻多的，但現在因為都熟悉訂單操作了所以做事情效率也都更好了，就算是事情多也都能準時再下班前處理完成，所以還蠻OK的!
07/01-05/31,109,7,這週因為禮拜三我身體不舒服，所以我那天就請假，但隔天一來事情就超多，因為我們分配工作都是自己做自己的東西不會有人幫我做，所以我就隔天整整忙了一天才把請假那天的東西都弄好，雖然有點累啦但身體不舒服也沒辦法，我冬天又是特容易感冒的哈哈。不過還好最後都順利做完了!
07/01-05/31,109,7,上班後總覺得只要過了星期三後時間就會過很快，一個星期好像很快就結束了，這週生病好了感覺活力也充足了許多，至少都不太會沒精神，所以上班精神都算很OK，事情也都做得很快很順利，依樣偶爾幫忙大陸的業務處理一些訂單的問題，也都不是很大的問題所以我自己也能夠去解決，很開心終於有能幫上忙的感覺哈哈
07/01-05/31,109,7,終於到了12月拉!來上班也快滿半年了~跟同事相處互動也越來越好也都比較熟了，這週也一樣都在沖銷，月底月初都很常這樣稍微比較忙一點點，但都還行我到目前也都沒有需要加班的情況，公司還是一如往常的很常請喝飲料下午茶每次都有不一樣的點心能享用，我最愛公司的茶水間了哈哈哈!
07/01-05/31,109,7,這週終於沒什麼NHK要做了，每次做這個都會很趕又很多，又不能做錯都要很小心，因為會引響後面作業處理，所以每次做這個都心很累哈哈，12月最期待的就是月底等跨年!這週比較少大陸也務請我幫忙，不過折讓單還蠻多張的，所以也都在打這些跟訂單。其他這週就是沒什麼大事~
07/01-05/31,109,7,這週也都在打訂單，沒有甚麼特別的事，其實有時候覺得每天工作內容都一樣也有點厭煩，而且最近很常做完事情就沒事做閒到下班，不知道是我作太快還是真的沒什麼事讓我們做哈哈有時候下午都快要睡著了~
07/01-05/31,109,7,原本這周六要去吃聖誕聚餐的，但因為副總去海外出差要隔離所以延到1/8號才要吃聖誕聚餐，我們的聚餐還要玩交換禮物，也因為改期我才有機會參加，因為我是排球校隊，剛好星期五跟六都要大專盃比賽所以趕不回來，希望我能拿到好成績~
07/01-05/31,109,7,禮拜一因為我去比賽的關係所以還是請假，也意外地連放四天哈哈，雖然沒有享受到休假的美好，但還是放了四天之久蠻開心的，來實習後就好想回學校上課，一點都不想早起來上班呢當學生真好!!這週問題比較多的就是大陸的訂單，常常要更改來更改去的所以都會麻煩到我，但還是順利解決了!然後下班後就趕快回去跨年!!
07/01-05/31,109,7,1/8禮拜五晚上我們終於吃了聖誕聚餐還玩交換禮物，下班後大家就一起搭車到餐廳，然後先把禮物放到大桌子上，我們有新竹的竹北辦公室還有新竹的騰耀公司跟我們一起吃聖誕聚餐也一起餐與遊戲，我準備了筋骨按摩槍，算是大家都適用的東西，結果被我另一個實習生抽走哈哈哈，然後帶我們的姊姊居然抽到老闆的五千塊現金，超棒的!!總之吃飯就是好吃又好玩~
07/01-05/31,109,7,很快又到了新的一年，實習也真的滿半年了~這樣尾牙可以參加抽獎哈哈~ 不知道是不是剛跨年，好像新的一年也沒有甚麼特別忙的感覺，可能要到過農曆年得時候才會比較忙吧!!總之先好好把握一下悠閒的時光!
07/01-05/31,109,7,這週也跟平常沒什麼差別就一樣都是打訂單然後對個帳跟沖一些帳就這樣~而且這週也有老闆請的飲料跟下午茶，總覺得在這邊當實習生真的最不怕餓肚子了哈哈，而且倉管阿姨有時候也會削水果給我們吃真的超好的!
07/01-05/31,109,7,好快又到了月底，再來就是期待二月的過年可以放年假領年終啦! 不知道實習生有沒有年終，我的預想是有就很好了不管多或少哈哈，最近發現NHK在星期五做的時候都會有特別多要做甚至要跨到下週一才做得完，所以姐姐都跟我一起做怕我一個人忙不過來，真的很謝謝他!
07/01-05/31,109,7,公司本來2/8要吃尾牙，但因為疫情影響，所以我們就延後到2/28吃尾牙然後是吃萬豪酒店，聽說都吃得不錯而且獎項也很豐富，好期待!這週不太忙，雖然還是很多NHK要做，但還是順利的完成了!
07/01-05/31,109,7,這星期很開心，因為上三天班而已，但因為我們2/15要開工，老闆要發紅包還要請大家吃包場的餐廳吃到飽，所以我就跑回桃園沒幾天，又回來趕上跟他們一起開工，當天就是拜拜拿紅包然後吃飽飯就去老闆家玩，老闆家在公司附近而且又大又高級還一直開酒給大家喝， 然後還一起玩了一些過年會玩的遊戲，真的蠻不錯的!! 
07/01-05/31,109,7,這週大家剛過完農曆新年，大陸也一樣開始上班了，因為放了好多天假，所以心完全收不回來啊!!還超想繼續放假的!但大家還是很厭世的回來面對現實，這週也有進貨所以大家都幫忙提早來公司班或之類的，大陸工廠廠長還請我們喝飲料請到台灣來教我們隨便選結果大家選最貴的星巴克!超棒~
07/01-05/31,109,7,已經很久沒有不良品了這週居然有，我們總共看了一千多條線的外觀，因為有些重複印製的瑕疵被退貨，但看了十箱完全都是好的，看到眼睛都快脫窗哈哈哈，但幸好都是良品沒有更多的不良品，也因此我們實習生又獲得飲料當作獎賞了，因為幫忙看不良品，有時候離開座位去做這些新奇的事也好，才不這麼枯燥乏味!  
07/01-05/31,109,7,這週因為有228連假，所以多放了一天假，假日也去吃了尾牙，雖然剛好卡在228但還是有參與到，同時也更感受到公司的凝聚力，總之是個很好的體驗，眼看實習也快結束了，突然也有點不捨呢，希望能有機會繼續待在這間公司工作，累積更多經驗!!
07/01-05/31,109,7,在年益我學到運用ERP系統還有PLM系統等，我知道學校別的系所有可以考ERP的相關證照，很開心雖然我的系所沒有學到這套系統，但到職場上還是有同事的耐心教導讓我學會使用ERP且到現在已經很熟悉的運用系統了。在職場上也學到更有禮貌地去面對同事主管以及客人，也有能夠處理問題的能力了，雖然學的東西不多但還是有領悟到一些職場上的觀念及職場倫理。
07/01-05/31,109,7,在實習期間令我印象深刻的事就是下學期實習期間，我們公司有聖誕聚餐，還有尾牙春酒等活動，從參與到公司的聚餐活動後發現其實公司規模雖然不大，但卻對員工們都很慷慨，像是聖誕聚餐我們有玩交換禮物，有上限金額，老闆及董事長卻還有讓大家抽更高額的現金，也讓大家都玩得很開心。再來是尾牙春酒，我們獎項人人有獎的現金抽獎就有60幾萬了，還有抽轎車，IPHONE12，最後還有加碼再抽60萬現金，以我們這種小公司福利到這樣連我家人聽到也覺得實在是太大方了!雖然我沒有中大獎，但中獎人都有請客，也讓大家都開開心心的~
07/01-05/31,109,7,若繼續任職這家公司的話，我想學習到業務或船務得工作，因為能夠面對客人還有處理客人的問題，也需要口條及解決事情的能力，對於我們這些年輕學生如果待在身邊一銅幫助學習的話應該也能進步得很快，而船務雖然不用面對客人，但船務的事情也很繁雜，每次看船務的同事都覺得很佩服他自己能夠勝任這個職位所以也想多學習看看!
01/11-01/24,110,8,這是我第一個禮拜上班，我覺得我吸收了很多東西。第一天上班的時候，覺得摩斯的外場根本就是戰場。雖然我之前有在百貨做過收銀的工作，但是完全不能相比。因為我那個時候外場的按鍵很簡單，完全就是小兒科。摩斯的完全就是像在看什麼攻略書一樣。因為他們的按鍵很密以外，早午餐的按鍵也不一樣。單純飲料的話，早上如果搭配套餐的紅茶是25，但是如果你早餐時間來單點飲料的話是40。變成我除了認按鍵外，我也同時知道客人的需求。   再來就是喊餐，因為我們外場的人幫客人點完餐以後我們要喊餐給內場的人知道，不然他們不會知道客人要什麼，除了做錯外，也會造成食材的浪費。我覺得我好像把摩斯的外場想得太簡單了。外場要做的事情太多了。除了點餐送餐外，也要檢查客席、廁所、食物保存期限的檢查、補貨物等等。希望我能慢慢的一步一步學好，不要造成別人的負擔。
01/18-01/24,110,8,這個禮拜是我第一次站在主收銀，讓我非常緊張也很崩潰。因為其實我還不太懂按鍵怎麼按，而且我來的時候剛好是優惠活動作多的時候，而且我也不太清楚也不明白要怎麼跟客人解釋。而且有些客人講話也不清楚，有些又是都已經發票出來了，才說要改東西。舉例來說，我們的米漢堡有分白米跟藜麥米，價格就差了5塊錢，所以他們結帳完才說要改成白米，那發票就要作廢也要重新改成新的給他們，就會又浪費大家的時間。所以為了減少我們錯誤，變成我們點餐的時候都會再跟客人多做一次確認，免得又發生客訴問題。   這個禮拜我們店長有說我有進步一些，說結帳的部分有變快很多，但是我還是很怕我做不好，因為其實這邊的客人都要求動作快，所以我有的時候又會因為動作快而按錯一些按紐。不過店ˊ長有說要幫我調內場，說是讓我全場都要會。不過也好，調內場的話，就不會再賠錢了，我單純這個禮拜就賠了300多塊讓我真的是很難過。上班7小時就賠了3小時的錢。哀... 
01/25-01/31,110,8,這個禮拜因為生病的關係，所以我只有上兩天班。但是星期一的時候，由於有新品上市，而內場阿姨還不太熟悉如何製作，導致顧客不愉快，而內場阿姨和顧客發生口角事件。讓我很尷尬。但是在我看來呢，雙方都有錯。因為其實這位顧客來點餐的時候就已經有問題了，要求很多東西，但是因為摩斯秉持著顧客的要求絕對達到，所以當時客人提的要求我們都已經弄好了。結果會吵架的原因是因為，內場阿姨先把後面其他顧客的單先出了，結過問題很多的客人的單還沒給，讓這位客人就生氣，但是我們內場算是開放空間，客人是能直接對到我們內場的客人的，然後內場阿姨覺得他委屈，結果就直接跟客人吵起來了....。
02/01-02/07,110,8,這個禮拜是我過的最充實的一星期。星期一一到店就因為內場阿姨漢堡做錯，我只能坐計程車跑到陽明山的養老院去送漢堡。星期二又遇到外場阿姨跟店長因為餐點問題吵架。星期三我搭配另一個新人，然後我負責控餐，我嚇到心臟差點停掉。星期五我直接被調去炸物區直接現場學習炸物製作。我差點炸到懷疑人生，那陣子看到炸物都怕。但卻讓我有種長大的感覺，有種莫名的成就感，覺得其實我好像也可以做得很好。   雖然這禮拜店內氣氛不是很好，但比起不開心，成就感更多，希望接下來的4個月，我能一天比一天好。然後再去別間店上班~~~(灑花)
02/08-02/14,110,8,這個禮拜沒有上班，因為店長說過年班去年12月就已經排好了~所以我跟另一位新人就爽爽過這個禮拜~~雖然沒有雙倍可以賺，但是爽過也是很好的辣~~
02/15-02/21,110,8,我覺得我最近有點多災多難。因為我之前是腸胃炎休了四天。結果最近去醫院做檢查發現我我因ˋ為壓力太大導致我肩頸韌帶發炎。沒辦法長時間的低頭做同樣的動作很久。復健的時間最少也要3-4個月。醫生有說會幫我開止痛跟肌肉鬆弛劑幫我減輕我的疼痛感。但是也不知道能撐多久。希望我能快點好。 然後最近因為店內業績不好，導致人員排班很吃緊。讓人有點吃不消，如果不是尖峰時間還好，一到尖峰時間人起來的時候，會讓我們忙到快吐出來然後我們店又是兩層樓的，更讓我們忙到都不知道該怎麼辦。希望我們店的業績可以趕快提升。不然繼續縮減下去的話，會讓我們吃不消，也會造成更多人想離職而已。
02/22-02/28,110,8,這個禮拜店長知道我身體狀況以後，幫我把這禮拜的班排少一點。這禮拜遇到的事情也是越來越奇怪。明明點內用，結果說要外帶，有了問需不需要配件說不用，結果又說沒給。有些餐點已經確認過了，又說我們做錯。店內氣氛也是很尷尬，因為這周品保人員來稽查，結果檢查到過期的蒟蒻球外，因為內場阿姨因為做餐沒有跟著該做的sop走，因此害店長被記過。店長也因為這樣罵了內場阿姨。   希望我們下個禮拜店內氣氛能好些，不然再這樣下去，滿讓人窒息的。
03/01-03/07,110,8,這個禮拜遇到一位客人客訴我們說優惠套餐不能點玉米濃湯而客訴我們。我覺得挺搞笑的，因為有跟客人說過，我們優惠套餐就是因為搭配紅茶所以我們也沒辦法。然後就說要客訴還跟我們要電話。我當下差點笑出來，覺得當外場的人真的很難，客人問題太多真的是令人煩惱。然後又因為要趕送餐，在樓梯間跌倒，有夠痛的，但還好餐點沒打翻喔~~可喜可賀~~   希望接下來的3個月可以越來越好，雖然最近過得挺安穩的，但是壓力還是挺大的。有種力不從心的感覺。希望能好好把自己的心情調適一下。
03/08-03/14,110,8,最近跟我們店的開早同事聊天，發現店長的問題其實很多。因為我們開早同事有跟店長說他們開早班的三明治做的順序其實都不太對，然後跟店長說要不要找一天把開早班的同事聚一起教，結果店長說沒時間。然後我們跟他提些問題，結果說不懂我們意思，還問我們說，那你們覺得要怎們解決。讓我們覺得，怎麼會我們這些兼職人員呢?不是應該是我們一起開會討論嗎? 讓我們大家覺得，如果店長再不好好改變的話，感覺會失去很多人才。
03/15-03/21,110,8,果然，我們店內阿姨們吵架了。吵架的原因是因ˋ為補貨。賣早餐的阿姨在完全沒有跟我們站收銀人員說的情況下，直接在群組亂說自己補貨補得很辛苦的事情，然後站收銀的阿姨因為覺得那補貨的位置因為離賣早餐的阿姨很近，然後覺得如果不想補的話就直說，不需要再群組說的那麼可憐，然後就吵架了。但是我覺得其實雙方都有不對辣，因ˋ為賣早餐的阿姨會覺得自己很辛苦期時也不意外，因為他覺得他開早台很辛苦，所以她不想補。但是我們站收銀的我們如果忙起來也不太會去看到外面少什麼。所以我覺得沒什麼好吵的，只是立場不同而已辣。不過有吵架也好，才能讓店長去正視問題。
03/22-03/28,110,8,這個禮拜只被排兩天班，我因為星期五有多加選經濟學，然後星期三返校，星期日家裡有事所以畫休。結果因為這樣...我星期三就開始沒班到星期日。雖然能休這麼多天是很好辣，但是時數不夠對我來說也是負擔。雖然我身體裝況本來就沒辦法上長時間的班。但多天短時數我還是可以的阿...。而且最近店長為了要提升業績，所以就去捷運站賣三明治，然後為了要能提升業績也為了要有人能去顧捷運站的攤子，所以造上又請了一個早餐阿姨...，於是我的時數又被縮減了。   不過也希望店長的決策沒有搓，讓我的時數也能提申回來。不然我怕我再這樣下去，我怕我到5月都這麼少，我就...不用畢業了。
01/11-05/31,110,8,這裡禮拜我跟店長談了些關於早班的問題，像是開早班的開台沒有完成造成我們早班要做東西會來不及。又或者開班阿姨動作太慢影響我們早班人員的問題。雖然有跟店長說我們的問題，但是店長給我們的回答卻是要我們自己不要被影響。我都懷疑店長有沒有心想要解決問題。 其實最近有發現店裡有很多問題，但是都找不到時間大家可以坐下討論解決。不知道這種惡性循環要持續多久。
01/11-05/31,110,8,這個禮拜完全就是適合抱怨的一個禮拜，我其實一直以為我們內場的地板會很濕是因為早上阿姨可能有打掃才會這樣，結果是我們開台阿姨煮紅茶的時候跑去前面弄熱水所以導致水灑的整個地板都是濕的。其實阿姨這樣弄很危險，因為我們很需要再內場走來走去，一個不小心很容易受傷，況且我們內場油炸跟煎台又是那們高溫的東西，碰到真的會不得了的痛(有被燙過真的很痛==)。而且她之前也因為煮紅茶打翻結果噴到天花板去，所以我就覺得她明知內場這麼危險為什麼都要這樣做。我現在在考慮要怎麼跟她說不要這樣做比較好，因為每一個不小心，真的都會造成很多的危險。
01/11-05/31,110,8,這個星期六差點因為新來的外賣阿姨害到要賠500，讓我覺得很害怕。我們跟她說錢不對，然後也說了帳對不起來，要她重算，她就不聽。然後因為我們當時也很忙。所以就想說等等再算好了。結果當時太忙，下班以後就又忘記了。星期日店長打電話跟我說我們錢算錯，問我們發生什麼事情。我按時講了以後說少500，可能要賠。聽完心都涼了，等於我星期六的錢要賠一半。希望店長能找到原因在哪裡。 然後因為我們5月開始會換區經理，所以我們的人員會調整成新的班表，不然被新的區經理罵我們也是很難過的。 現在距離我合約到期的時間也越來越近了。我也要開始考慮我到底想要什麼樣的做了。
01/11-05/31,110,8,這個星期對我來說最辛苦的一定就是星期六，我自己一個人接了一萬多塊的錢。我只能說這是我第一次接那麼多東西，要一個人確認做飲料、跟客人核對餐點還有跟客人介紹餐點。我第一次覺得原來我能做那麼多事情。隨然我不用負責出餐點，但是一直講話也是有點累。而且有些客人又說什麼要多一點，有些客人又說我不要什麼。喊錯或沒喊都會對內場做餐的感到很麻煩。那天對有上班的人來說完全就是震撼教育，讓我們知道千萬不要烏鴉嘴說自己很閒(做人真的不要不信邪，超可怕的拉~~) 店長這個禮拜有問我有沒有要續留，說任何條件隨我開，我當然也跟他說我的情況了，他叫我在考慮一下。因為他真的很缺人。我說我會再考慮看看，因為我還是沒想好我之後到底要做什麼。
01/11-05/31,110,8,我們店附近的麥當勞因為失火，所以客人都跑來我們店買東西吃。結果這個禮拜他們開幕以後..我們店又開始沒生意了。我只能說我們店的精緻路線還是比不過人家的快速又便宜，就算摩斯今年是30周年生日，活東也是很多還是比不過人家的新穎。我覺得我的嘴已經被摩斯養刁了。因為我現在吃別家速食店的東西都吃不習慣。還好摩斯員工買東西都有員工價也很便宜(??  希望我們店的業績很好起來，隨然我們店長很普嚕共，但是至少是好店長，跟他討論問題他都會願意跟我們說或者幫我們解決。也希望我們的區經理可以不要再那麼兇了，一樣都是店長升上去的，為什麼都不能互相體諒一下呢?
01/11-05/31,110,8,離我合約要到期的日子越來越近了。我也要開始對我未來有所規畫了。摩斯的大家對我都很好，也很喜歡跟大家一起上班的感覺。我也在摩斯認識到很多的熟客，尤其上早班的很多人都點固定的東西，所以我們也很方便幫忙點餐。 這個禮拜我們店來了新的員工，早班晚班各一個。因為天東店收攤了所以人員也開始分配到需要人手的店裡來。我們都說很慶幸來了個很好相處做餐也快的人員。 而我現在也開始慢慢地有在做一些能幫住到店裡人員的事情，像是除冰箱的霜阿之類的事情。或者幫忙點貨、補貨、煮紅茶之類的小事情。希望我們店能越變越好。
01/11-05/31,110,8,我們這個禮拜整個大受疫情影響，我們店的業績變得差很多。因為政府規定要我們好好落實實名制跟量體溫的部分，讓我們收銀變得很手忙腳亂。當我們正在為了疫情做努力的時候，還是會有不怕死的民眾在做依些過分的事情。像是體溫亂寫，填寫假的資料或著不肯填寫資料就往上內用。讓我們覺得我們現在所做的所有事情都是在白浪費時間。我只能說我們做的那麼辛苦但客人不願意配合的話，我們怎麼做都沒用。 希望我們努力維護能有好的結果，讓疫情過去，讓我們的業績能蒸蒸日上。
01/11-05/31,110,8,能讓我知道該如何好好表達我說話的方式、能知道我什麼時間該做什麼事情、讓我能好好地控制我的脾氣、讓我知道對待奧客得時候該說什麼話
01/11-05/31,110,8,印象最深刻的事情是某一個星情六自己結了一萬多塊的現金還沒有收錯找錯錢吧。 我記得那天早上的時候天氣還不錯，我跟店長很無聊的開始差賭說今天的業績會是多少。因為我們店雖然鄰近捷運站但是人潮真的是要看天氣的好壞做決定。那個時候本來人還沒有那麼多時，我說應該最多一萬五左右八，結果店長說她覺得沒意外應該兩萬。等我們所有員工都休息完以後接到第一張外送以後，我們店就開始很rush。客人真的是一個接者一個來沒有斷過。而且很多都說要要內用，我記得我那天喊餐喊到後面喉嚨都啞了(因為我們店的麥克風壞了)。 還有我除小冰箱的霜、 那次是因為我們櫃台會有兩個冰箱。一個是展示小冰箱是要展示我們目前有賣什麼沙拉、蒟蒻、果汁。另一個是冰無糖紅茶、醬料、新鮮果汁。然後我們都會放在展示小冰箱。然後我們小冰箱很容易結霜，所以我們要不定時的去除霜。那次是冰已經結到擋到出風口了，我為了把冰弄下來想了很多方法，像是把潑熱水、鑿冰刀鑿終於把那塊冰鑿下來，花了我快2個小時的時間才下來。真的是可喜可賀阿~~ 
01/11-05/31,110,8,我在這裡，希望能把如何好好的控餐學習好跟不要再忘東忘西了。上次忘記給客人醬料，結果客人投訴害店長輩罵覺得很對不起他。 也希望我能快點上手燒肉區的東西，這樣我就能幫他們更多了。
11/30-12/06,109,9,禮拜一的時候特地回店裡小考階二的東西，有夠慘……那些死背的東西還行，但有一些事跟客人的應對我就真的卡卡的，他是一個公式「傾聽、謝謝、抱歉、同理心、表達重視、積極處理能力」然後題目可能是，客人反應候位時間過久，我們就必須使用上面六大原則回復他：「謝謝您特別來我們店裡用餐，影響您用餐的心情我真的很抱歉，我能了解您現在的感受，要是我肯定也不太開心，您剛才所提出的反應，我這邊立刻幫您確認客人用餐情形再告知您需等候的時間。」但通常我們樓面上根本不會這樣應答呀，還有好多題我真的每聽到一個題目就要思考1分鐘，主管就說等我想玩怎麼回答客人都走了，看來我必須加把勁，下周就要正式考試了，希望不會讓主管失望！
12/07-12/13,109,9,先恭喜自己階二過站了！這次好幸運考官是我們店的主管，考試的過程比我想樣中還要順利很多，上周回答不出來的問題，在考試時想法就滔滔不絕地浮現，連筆試也是寫得很順暢，自己都覺得不可思議的那種，好開心考過階二，心中的大石頭終於可以放下了，考過階二的我像是重生了一樣，有了一個新的身分〝階二服務生〞，給自己一個期許，我不只要是一位好員工也要成為主管們的好幫手！ 再來我就要好好來充實自己，預計在明年6月前考一次多益，本來是打算要裸考得但又很怕成績會很爛這樣感覺很浪費錢，於是買了一本多益單字大全。加油！ 
12/14-12/20,109,9,今天發生了一件非常悲慘的事，在時代店待了三年多的我，面對客人我一向笑臉迎人呀，態度甚麼的也都還行，今天居然收到了一張客訴單……害得主管下班要打報告，當下真得很自責也不知所措，但經過主管得開導之後，慢慢的可以接受了。事情是這樣的，大概12:15左右來了兩位客人，用餐到一半有老鼠衝出來，我剛好端著麵經過旁邊，客人因為老鼠受到驚嚇於是往我身上跳，我手中的麵也就不小心灑到他身上，客人的衣物當下被我用髒了，我趕緊回到菜口請師傅重作一碗，拿了很多濕紙巾給客人擦拭衣物並致歉，事後主管也有向客人致歉，幫他到附近服飾店買新的衣服，本以為這件事就這樣落幕，沒想到到晚上的時候，主管告訴我我被客訴了，客人覺得是我太不小心把麵噴到他身上，我當下真的覺得自己被誤會了，可是客人最大，後來主管看監視器畫面，確定是客人自己往外跳的時候把麵打翻的，還我一個清白。經過這件事，我認為我們真的需要好好加強店裡的清潔！
12/21-12/27,109,9,聖誕節讓信義區變得好熱鬧，吃飯約會的人超多~~~上班真的都要跑起來好累好忙，排隊的人潮都形成了一個S型了，但相比其他鄰近的櫃位生意還是不太理想，接著就要跨年了，希望這個節日也可以為百貨帶來人潮，也希望自己能夠再穩穩地站好領檯。
12/28-01/03,109,9,我的老天！12/31排隊的人真的超級多，從下午4點多就開始候位到晚上8點多，到不接客的9點半，店裡還是8成滿，超可怕！打烊根本收不完的那種，明明疫情還是蠻嚴重的呀怎麼這麼多人跑出來呢~好不容易11點多收完要回家跨年，發現車子根本騎不出去卡在停車場，只好把車子放在路邊走路回家，幸好隔天休假不然又要早起散步去上班，也太辛苦了！ 新年快樂！！！
01/04-01/10,110,9,這週真的過的好不順，或許是因為主管給我的新任務，算是提前讓我知道訓練員該做些甚麼，要協助主管管理店裡的其他員工、當主管和員工中間的橋樑、盤點、補貨等等……其中最困難的就是前面兩項，我自己也只是個員工，在工作上如果遇到不開心的事，我第一個抱怨的對象當然也會是我的同事，會覺得他們可以理解我，但主管就會覺得我不再只是個員工而已，我有事情也不該是向下抱怨，有問題可以跟主管討論之類的。總之最近面臨的新挑戰都讓我覺得，人生好難……。
01/11-01/17,110,9,上週的低氣壓還是延續到了這個禮拜，做事起來都變得綁手綁腳，尤其是周四，空班的時候剩我和另一個比較資淺的同事，但也是工作了一段時間，反正那時候店裡蠻忙碌的，看起來也髒髒亂亂的，我就稍微跟他說了一下先做甚麼再做甚麼，口氣上也是好好的但不知道為甚麼他到最後臉還是很臭，後來下班跟那個同事聊了一下，他表示他不喜歡被紅色衣服(員工)指揮，如果是主管叫他做事他比較可以接受，其實我理解他的感受，今天換作是我也會覺得，我自己知道要幹嘛為甚麼你還要叫我做事，但就是會覺得蠻委屈的吧，我也想好好上班呀。
01/18-01/24,110,9,這個禮拜過得非常充實，學了好多東西，學會盤點、補貨、KEY資料、查差異，感覺自己進步了跟別人不一樣了，但是光學這些東西我腦容量就快要不夠了，一次吸收太多東西，怕自己沒有辦法每一個都做到好，但我相信只是我肯學肯做，一定可以的！ 與同事間的相處感覺也找到了一個平衡點，雖然有時候還是會不知道該怎麼和他們溝通，但經過一個禮拜的沉澱，感覺我也成長了一點，希望我能夠越來越好。 
01/25-01/31,110,9,這週都是早班……每次上早班都覺得好累，沒有睡飽的感覺，但好處就是可以在天黑之前回家休息嘿嘿。 週四發生了一件超可怕的事，下午的時候有一個同事在送ˋ麵的時候被起身的客人不小心撞到，熱湯都灑到自己手上，客人的外套也弄髒了，店裡又沒主管我真的超緊張趕快打電話求救，後來主管跟客人留資料幫他送洗外套又趕快帶同事去醫院處理燙傷，店裡剩我跟兩個妹妹，但幸好那時候還不算忙，不然我真的會欲哭無淚。
02/01-02/07,110,9,這週的我又在解鎖新技能了！前陣子來了一個新的主管，是從別間店調來的，職能我覺得SOSO好像沒有很厲害，做事也不太積極，可能是不太習慣我們店的型態，於是店副理要我多學一點來COVER他，要我學著排清潔，一開始聽到還覺得很簡單，不就是把現有的清潔填到下個月就好了嗎頂多在排列組合一下，結果發現才沒有那麼輕鬆！要拿每季評鑑的項目與缺失來安排每個月的清潔，光那個表格就花了我整整一周的時間，我真的空班在研究回家也在研究才在短時間內把他給完成！
02/08-02/14,110,9,多虧了春節薪水DOUBLE，兼職們都搶著要上班，才讓我能舒舒服服的連休三天~~真的太開心啦
02/15-02/21,110,9,過年的台北彷彿空城，生意都好差，上班起來都好無聊沒有動力。 最近的我開始常常都會學習到一些新的東西，例如算業績、安排空班人力、醫藥箱盤點、餐點品質管理，對我來說都是一大挑戰，也不確定自己是不是能在短時間內吸收這麼多東西，現在的我大概事除了準備大考外做最多筆記的時候了吧！每天回家第一件事就是拿出我的本本把明天要做的事記下來，在開始寫今天多學甚麼，這麼充實的日子好像也不錯！ 
02/22-02/28,110,9,聽到店副理問了我一個有點嚴肅的問題，是關於未來有沒有要繼續留任的事，老實說我很掙扎，我覺得我在這雖然是學了蠻多東西的，但還是有更多的東西等著我去接觸，我不認為這間公司不好，他說了一個很吸引我的條件：「如果你打算留下來繼續做，我可以幫你安排快展。」快展是公司的一個升遷制度，他可以讓我從正職透過幾次的課程升遷到實習領班，等於是跳過「訓練員」也可以不用考核，我覺得如果我真的升遷到實習領班對我未來的路應該多少有點幫助，畢竟員工跟主管的頭銜聽起來就不太一樣了！
03/01-03/07,110,9,突然意識到距離實習結束只剩下將近三個月，時間真的過得好快，去年的這個時候我是不是已經開始準備履歷等著合作的廠商名單了，也開始想如果時間重來，我是不是還是會選擇在這邊實習，還是會離開我的舒適圈呢。而接下來的我，要留下繼續當服務員，亦或是到其他地方去試試看呢。
03/08-03/14,110,9,這週發生了件值得讓我開心超久的事，禮拜六的時候有組客人來用餐，其中一位是行動不便的人，他告訴我想坐在距離門口近一點的位子，但因為是假日我沒辦法確保他能如願做到那個位子就委婉告訴他我會盡量幫他保留，後來他也陸續問了我一些問題，雖然後面有點不耐煩但我沒有把情緒表現出來，之後回家打開GOOGLE評論看到他在上面留了「陳薇安服務親切有禮」真的超感動，也充滿了動力！
03/08-03/14,110,9,我在統一時代瓦城大心已經工作4年了，前面三年都覺得自己只是個兼職，這個地方對我而言就是個打工賺錢的地方而已，直到實習的這一年開始對這個地方有了感情，也慢慢把重心放在工作上，開始注重業績、環境整潔、訪客分數和同仁間相處的方式，在實習的前兩個月還很不適應，覺得每件事都很難，感覺有點力不從心，後來透過主管及其他正職同仁的幫助下漸漸找到解決的方法。記得前不久有次同事在送餐的時候不慎被起身的客人撞到，當時熱湯直接往那位同事的身上灑去，也噴濺到了客人的西裝外套，我當下傻住了一時之間不知道該如何處理，只好趕快打給正在休息的主管請他回來，主管當下的判斷是先幫同事簡單處理燙傷，接著跟顧客留下基本資料與弄髒的外套幫她送洗後送回去給他，再陪同是去醫院就醫，這一去就是兩個小時，店裡留下我和其他兩個比較新的妹妹，幸好那時候還不算忙，但也經過這一次的意外讓我了解危機處理。
03/08-03/14,110,9,在實習期間令我印象最深刻的一件事，應該是有一次有一組客人來用餐，先生是行動不便的人，那天是假日餐期真的很忙，我是帶位的人，後來先生告訴我因為行動不方便想坐離門口近一點的位子，但前面還有兩組客人我並沒有辦法保證他能如願坐到那個位子只好先委婉告知他會盡量幫他保留，他陸陸續續問了我好多的問題，我就開始有點不耐煩因為真的還有好多客人等著我去點餐，但我並沒有把情緒表現出來，後來剛好讓先生坐到門口的位子，他們要離開的時候一直向我道謝，後來我回家發現他們再google評論留下「陳薇安服務親切有禮」，因為這句話我大概開心了一個月！
03/08-03/14,110,9,如果繼續待在實習公司繼續工作，我想學習管理層面的東西，不管是品質管理、人員管理甚至是貨物管理，我認為管理層面的知識在每個行業都適用。
11/16-11/20,109,10,由於新品上市，工作量提升，公司也因應新品上市調整了每個人的工作分配，使整個工作的環節可以達到平衡，我被分配到的工作是專門處理特殊信件，之前接觸的數量跟新品接觸的數量不同，要更打起精神完成這些任務，需要更仔細更有效率的做事，也在作業中一邊學習一邊調整，每天都要面對全新的案件，正因為新品時期遇到的這些案件，讓我可以在這期間累積更多經驗，希望過完新品這段期間，自己的能力可以更加進步有所成長，現在只是剛開始，更有挑戰性的任務還在後面！
11/23-11/30,109,10,目前每天大致上有固定的工作內容，隨著發票量的增加，每天要處理的件數也增加了，從原本的不太熟練，經過每天的作業以後，對這項任務已經得心應手，在工作期間也遇到過一些突發狀況，這讓我們面對這些狀況時可以適時進行協調，不僅僅學習工作上的事情，也學到可以儲存成自己的經驗，像是在人員臨時調動，工作分配不完善的時候也能即時給出反映，新品期間也比較會有加班的情況，但因為今年換了新的工作流程及分配，提高了很多工作效率，也減少了工作耗費的時間。
12/07-12/11,109,10,在這為期約兩個月的新品上市期間，因為工作量大所以公司有加派人手來幫忙，也因此認識了更多同事，一邊工作一邊認識新同事，並且一邊磨合工作上的默契，由於加派的人手有些也是新人，所以在邊工作的期間，也學習到如何在工作上引導新人，工作上的教學比起自己實作時的情況截然不同，要想著用什麼說法可以讓新人理解，並找到他自己適合的工作方式，並且確保工作上的正確性，慢慢學會如何將工作流程教給別人，也可以透過平常的觀察從別人的行為中學習到一些好方法。
12/14-12/18,109,10,心得與回饋： 在處理特殊信件時，雖然不是直接跟顧客即時溝通，但信件都是由顧客直接回覆，有些顧客的需求一併附上在信件中的時候，我們要確保顧客的問題都可以被解決，無法由我們部門解決的事情也會向顧客提供正確的管道，盡力為顧客服務，這禮拜也剛好遇上主管的生日，大家一起策劃佈置辦公室，幫主管慶生給他一個驚喜，雖然小小的破梗了，但還是有傳達到彼此祝福的心意，度過了愉快的一天，也是從這天開始主管發現了我拍照的技術還算可以，非常滿意生日那天的照片～～ 
12/21-12/25,109,10,新品期間也不忘要過個聖誕節，這禮拜因為遇上聖誕節，辦公室設計了小小活動讓大家可以一起留下一個好玩的回憶，當天還有設定紅綠的服裝顏色，由其中一個同事當關主負責設計每個遊戲關卡，主管請吃披薩，還有喝到好喝的飲料，也分組玩了一些小遊戲，更驚訝的是那天我就剛好被分配當組長，也很開心我們這組拿到了第一名，但當然最後我們還是大家一起分享了第一名的禮物，這個禮拜的工作一如往常並沒有特別的事情，但多虧了節慶的氛圍，開心的度過了一週。
12/28-01/01,109,10,接近年底會發現辦公室某些同事的任務變多，很多公司在年底都開始急著要處理完一些期限內的發票，陸續會聽到一些公司的來電，但發票的部分還是一如往常，這個禮拜過完再回來工作就是明年了，新的一年希望自己在工作上可以有更多的學習以及成長，也希望自己在實習結束以前，可以盡全力做好自己的本分，而且因為公司在信義區，這個禮拜會遇到跨年的人潮，主管怕我們下班時間會衝撞到人潮壅擠時段無法順利回到家，所以讓我們提早下班～～
01/04-01/08,110,10,新品上市慢慢要告一個段落，一切的工作也差不多要恢復正常的分配，謝謝這段時間來支援的同事，在新品期間同事有去有留，有開心也有不捨，但很幸運可以遇到很多好同事，新的一年不知不覺我也進來蘋果公司快半年了，這半年來學到的已經可以讓我有能力教會一些新人基本的工作事項，也從教學中可以獲得成長，每個人的學習能力跟理解能力不盡相同，用不同的方式去找到新人可以理解的方法，也是一種另類的成就感，在這邊不只學習到工作上的事物也可以累積其他經驗，也許在未來有可用之處。
01/11-01/15,110,10,最近公司檔案需要進行整理，主管有交辦事項讓我協助處理，因此面對這個平常沒接觸的工作，要在短時間內理解工作流程以及處理方式，增加了我在事情處理方面的能力，在檔案處理期間有很多流程上的問題，所以不斷的跟主管討論需要怎麼修改流程，才能讓整體作業操作起來比較順暢，也多虧了這個臨時被交辦的工作，學到了不一樣的做法，資料很多很繁瑣，要確保自己的正確性以及完整度，謹慎地去完成主管交代的所有工作，並且在有效率的情況下完成。
01/18-01/22,110,10,本週一樣在整理主管另外交代的任務，整合這些公司需要建檔的文件，在整理檔案的同時學到更多Excel的功能，平常上課或者考試時的應用不深，在工作上實際操作時才可以發現其實Excel是很好的工具，也有太多我以前不知道的功能，它也讓工作的效率提高了很多，如果在工作之餘有閒暇時間，我會試著去了解更多關於Excel的應用，讓未來不管在哪個公司，或是其他作業上可以更有效地完成項目，這禮拜也大致把主管交代的這項任務完成了，很開心過程中也沒有出什麼問題。
01/25-01/29,110,10,由於去年底有一些人事變動，有些作業上的流程需要讓新進人員也可以學習，當初的教學檔案並不是很完善，主管也將教導新人此項目的工作交給我，這週比較集中在調整及修改流程的檔案，並且跟主管核對是否有需要修改的部分，並且討論教學安排及時間，也利用空閒時間去整理需要教學的東西，把我的所學轉換成一種方便理解的內容，這個工作比較需要去判斷很多地方的資訊，需要較高的理解力以及細心度，再加上自己的實作，很快就可以上手。
02/01-02/05,110,10,這禮拜主要集中在準備項目培訓的流程，跟同事討論相關細節，一併整理以往我們曾經遇過比較特殊的範例，方便在教學時可以舉例給新進人員判別，也要整理此項目該注意的地方以及容易出錯的細節，要特別謹慎，因為是會直接跟顧客有連結，就像老師上課需要準備教材一樣，但由於一些工作上的變動，教學的時程可能會延後，先培訓其他比較急迫的項目，因為新品期間的人員變動，目前會有一大段培訓期，此時滿慶幸自己在一個很剛好的時間點進到公司，該學的東西大致上都學完了，也有能力去幫助別人。
02/08-02/12,110,10,在上三天班就要過年了，覺得實習的日子過得很快，想當初從七月近來到現在，學了不少東西，也一起經歷過很多事情，但開始實習以後再也沒有學生的寒暑假了，我們公司沒有彈性放假所以也不會補班，因此我們上班到二月十日才開始放年假，但主管也因此讓我們提早下班，早點回家過年～～這禮拜就是一個放長假前的收尾，把長假以前該討論好的事項，該準備好的工作都完成，然後可以安安心心地放個好假，應該好好珍惜學生時期的寒暑假，上班以後倒是特別懷念各式各樣的學校生活。
02/15-02/19,110,10,放完跟寒假比起來短很多的春假了，要馬上收心繼續認真工作，原本預計我要培訓的項目從年後再順延了，因為有上海公司的協助工作需要提前培訓，看來我又多了一點時間可以準備我要教學的內容，目前另一個項目的培訓由另一位同事負責，但有時候也會支援他教學或幫忙看著新進人員的實作狀況，適時地讓他們去判斷各種案例，這禮拜也因為有些檔案需送倉保存，所以安排了新的流程的培訓，學習如何將檔案送進倉庫保存，以及此系統的相關作業功能。
02/22-02/26,110,10,這週臨時接到另一個任務是要培訓我平常負責特殊信件處理的項目，由於新品期間人員調動以後，會這個項目的人員不多了，因此要先培訓這個部分，以便工作上的安排，還好這個是我每天熟悉的作業，所以臨時要培訓對我而言不會有太大的問題，也把我當初整理的筆記提供他們參考，整理當初被培訓時的重點，以及自己的經驗的濃縮，把大致上會遇到的狀況都整理出來，讓他們學會先去判斷，同事也跟我說我的教學很清楚，而且會因應每個人的學習狀況去做調整～～
03/01-03/05,110,10,上班之後覺得這種小小的連假都是幸福，終於明白為什麼很多人還是懷念那些學校生活，因為上班每天處理公事其實不像學校那麼自由以及悠閒，忙起來的時候像戰場，上班族跟學生相比唯一的好處大概就是有薪水可以拿，越來越接近實習尾聲，越來越感受到要進入社會的那種感覺，好像就是少了一個學生的身份，社會不會再對你友善以及包容，所有的現實都是殘酷的，但不管怎樣還是要認真做好自己的本分，並且要更為自己的所作所為負責，盡力去做好每一件事。
03/08-03/12,110,10,本週我們進行作業流程的更新，在經過上級主管們的討論，由於一些工作的輪調以及其他安排，將我們平時早上作業的流程修改的更有效率，也因應郵局修正調整了一些部分的統整，大家也針對新流程將問題提出一起討論修改方案，讓新的流程更順暢，也把主管他們沒有想到的問題，但我們在實作上會碰到的狀況提出來，都討論完以後就從這禮拜開始實施新的作業流程，一開始多少會有不適應的地方，但還好一次要臨時改的地方並沒有太大的反差，才有辦法快速調整過來。
03/15-03/19,110,10,本週因為上週說的工作的調整，我們組別需要學習新的工作，所以這星期的每天下午都有安排新項目培訓的時間，但這個新項目對我而言比較不難理解，因為前陣子主管有臨時找我幫忙此項目的業務，當時已經大概都略懂該如何作業，所以學習起來比起大家更是得心應手，也可以多幫忙其他同事去理解此項工作，最近公司較集力於調整工作上的分配，跟以往的模式已經不同，需要多花時間去適應，也在這些試應期中盡可能去找到未來可能會發生，但目前還沒想到的問題，先未雨綢繆避免臨時發生的時候無法立即解決。
03/22-03/26,110,10,這禮拜大家都被分配下去處理上禮拜新學習的項目，主要是在處理顧客退貨的折讓單，每個人都還在熟悉自己被分配到的工作，這項工作拆分了很多細項，每一個細項卻又是環環相扣，因此更謹慎地小心不能出錯，但由於星期三要返校實習座談，所以有調整了一下工作分配，我提早將自己該處理的部分在星期二下班前儘早處理完，上個禮拜老師也問我要不要參加實習的比賽，雖然猶豫了很久，但還是想說嘗試一下，所以也謝謝老師願意給我這個機會，我會盡力去做的。
03/22-03/26,110,10,到實習後期學到更多的是如何將工作教導給新人，進來的時間比起新進人員相對上來得久，適時的給予幫助及指導，再加上主管指派給我們的任務，負責教學某些項目，增加了我在表達或理解以及察覺問題的能力，有些新人在教學時會說自己明白了，但實際操作的時候卻出現了錯誤，其實很明顯就能發覺他們其實沒有完全掌握到這個任務的模式，在實習期間我明白到只要先理解每個任務的邏輯，以及每項任務的前因後果，其實就能很快地去掌握到各個工作的處理辦法，但每個人的學習能力不一樣，也並非適用於每一種教學方式，因此透過這個機會才能讓我更明白「因材施教」的道理，也把我自己的經驗換成教學的教材，也能提前先告訴新人曾經遇過的特殊狀況，以及每個狀況的應對方式。
03/22-03/26,110,10,在實習期間的後半段，那時候剛好遇上了有同事要離職的一些人事上的變動，主管也曾經問過我要不要到另一個職位試試看，但基於種種因素的考慮，甚至是因為當時在學校也還有一些社團的職位需要兼任，如果有臨時的狀況，在另一個職位上較難調整我的時間，另外由於我也思考過實習結束是否要留任的情況，最終決定去尋找自己理想類型的工作，在這間公司真的學到很多沒有錯，但和自己理想要找的工作不盡相同，因此站在公司立場思考，如果我接了新的職位花費了一些培訓的時間，但工作沒多久我又要離開，其實是很消耗人力成本的一個問題，與其如此不如讓公司直接培訓一個可以繼續待下去的人。
03/22-03/26,110,10,在這個公司學習到很多，但也明白自己還有很多部分需要再精進，彷彿只是看到社會技能中的一小小部分，很感謝主管賞識也希望我可以繼續在公司和同事們一起打拼，如果有機會我會努力去學習各項技能，但不管是在目前的公司或是未來的工作上，其實都是需要抱持著一種活到老學到老的精神，並且更努力去充實自己，讓自己可以再更上一層樓。
11/30-12/06,109,11,這個月開始台北大批銀行新鮮人專案，我們需求人才為剛畢業新鮮人，有金融證照會更好，所以面試者基本上都屬於和我差不多，所以在面試看起來會比較迷茫。這禮拜有個特別活動就是台新每年舉辦盛大聖誕點燈回饋給客戶，點燈真的超級漂亮，當天我擔任關卡的工作人員，和來賓玩樂互動，是一種實習中的小樂趣。
12/07-12/13,109,11,這週和往常一樣忙碌招募銀行新鮮人，但因為12月屬於年尾，所以人資部屬於淡季，所以這個月我會看起來輕鬆，但我都有積極在看證照書籍。 我正在努力想辦法提升自己進入台新其他部門。
12/14-12/20,109,11,這週和往常一樣忙碌招募銀行新鮮人，但特別是這週我自願加班參加台新舉辦的基金會頒獎活動當志工，活動當天好熱鬧，我們也是忙得不可開交，但都是HR的好同事，所以工作起來自然很輕鬆，我覺得偶爾加班偶爾參加台新舉活動很有趣。
12/21-12/27,109,11,由於12月是淡季，所以台新舉辦各式活動，而我也是積極參與，因為我想要在實習生涯中，除了學習部門作業外，我想累積活動參與的各項經驗，也能和部門同事相處更融洽；也能透過活動認識不同部門的同仁。
12/28-01/03,109,11,這週開會有提到後續可能會開新專案，像訪JUMP TEAM此專案，但目前還規劃中，但我會我主管需要準備職務簡報、邀約話術、面試通知信等等…所以這週和我主管天天在討論此專案。今年的最後一個禮拜；告訴明年的自己加油!!!
01/04-01/10,110,11,今年的第一個工作日希望一切順利也能在實習學習更多…不知不覺來台新半年都已經有特休可以休，這禮拜的面談遇到很多服裝不合格的面試，只能說提醒要面試前請了解面試基本儀容是最重要的!!!
01/11-01/17,110,11,這禮拜一路既往的工作內容，其中是有實習半年的實習生做滿期要離開了，萬般不捨畢竟剛開始我們不同學校一起從懵懵懂懂到現在相處起來自然如認識很久的朋友似的，只能說畢業了各自有各自要發展的未來，希望我們未來都好還能再約!!!
01/18-01/24,110,11,這週是我PM請我吃牛排，說不上來的感謝他，在這實習一路以來，他對我的照顧真的很大，無論我做得如何他都無條件站我這邊，而時不時會一直請我吃好吃的，一直以來都和我向朋友一樣相處自然而有趣，我很謝謝他在實習遇見她。
01/25-01/31,110,11,這週開始實施新專案Hunter Team 空中理財顧問，顧名思義是空中理專，業務性質工作，主要幫客戶諮詢理財服務還有金融商品的銷售，只是它是無區域性經營，需出差拜訪客戶，所以難度變得更高，我要很努力邀約面試者。
02/01-02/07,110,11,這週新專案正式執行，hunter  team當天到場人數，雖然不多，但單位主管和HR AO都很認真努力面談，最終把員額補齊，超級感動。一種任務達成的感覺。希望後續的專案都能順利完成!!!
02/08-02/14,110,11,這周是一個開心周，大家都領年終了，跟我很好的主管他請我兩天的大餐，還有這周只上兩天班，因為過年來了，而且台新人資處長對實習生真的很好，他給實習生包好大一個紅包，真開心!!!不想離開台新人資這大家庭。
02/15-02/21,110,11,這禮拜是開工周，開工日那天下午HR辦一場盛大的抽獎活動，我抽中2000現金，超級開心。開心的時光結束後，這周我和個金AO會議，要新開一場消金業務和台北客服的職缺面試，所以我這周開始忙碌起來。
02/22-02/28,110,11,開始忙碌了，每天都有一個專案，天天看履歷天天打電話給面試者，而且我覺得我所屬的專案都很難邀約，因為業務類型工作真的很少人願意，而且有很多專案都是突然而來的，所以馬上要有主應的面試者就會很少，只能說繼續加油!!!
03/01-03/07,110,11,這周是第二場空中理財顧問面試，應該是最後一場，這場參加的人數很少，但好險質還算不錯，主管面試竟然錄取五位，如果你問我這麼多專案我最挫折的是哪個?我會說是空中理財顧問，因為拒絕我的超級多…不過我還是很努力邀約。
03/08-03/14,110,11,這周的是春酒，但和去年不一樣，去年是整個人資處辦春酒，但今年因為疫情，所以各組自行舉辦，但都一樣很歡樂。春酒顧名思義就是增進團隊的默契，所以組再一起相互吃飯喝酒。但這周我也很忙碌，一邊是銀行新鮮人面試一邊又有消金貸款。
03/15-03/21,110,11,這周份內功做較輕鬆，而且我現在利用剩餘時間讀書，在這周二去考金融常識證照，希望我可以通過。然而組內其他同仁假日加班需要人支援，我就去支援，順便了解一下其他同仁的工作項目，才發現真的每項專案都不是很簡單，各有各的難處。
03/22-03/28,110,11,由於我們通常都是禮拜三辦銀行新鮮人面試，但因為我要返校所以這周取消一場，順帶一提現在台新EW實習生已開始招募，陸陸續續有收到德明行銷系很多學弟妹的履歷，我們也都在盡快作業，選出適合的人才，歡迎學弟妹加入。
03/29-04/04,110,11,這周是最後一周的心得，到這周也代表著我離實習結束的時間接近，在實習期間真的學習很多，接觸形形色色的人，在台新這個大家庭裡我過得很歡樂，謝謝大家。我也感謝實習老師一路以來的訪視，在訪視裡無任何壓力，都是一路給我們放鬆聊聊狀況，現在的我也在努力想未來我的方向，希望可以的話以人資的方向有下去。
03/29-04/04,110,11,(1) 企業提供良好職場環境，培養學生專業技能、發掘問題及解決問題的能力。 (2) 企業指導同學「在工作中學習」，對理論與實務之結合產生更深的體認。 (3) 企業訓練同學處世應對之道，培養職業倫理及團隊合作精神。 
03/29-04/04,110,11,提早邁入職場生活，歡迎體驗台新職場體驗計畫(EW)，我是透過此計畫加入台新銀行，擔任人力資源處的實習生，在職場計畫裡我們可以學習很多與人溝通交流業務以及專案的流程進展，主要就是團隊合作的能力，貫串台新四大主軸誠信、承諾、合作、創新，希望未來的我可以加入台新銀行成為優秀的員工。  實習過程裡，歡樂成分多，就像一個大家庭，該認真就認真該玩樂就玩樂。主要專案過程學習良多，可以從中看到很多銀行新鮮人的履歷，剛開始我可能摸不清面試官想要的人才是什麼，但時間長後漸漸的你會抓到面試官的節奏，抓住面試官想要的，撈取履歷時方便明確多。人際交流是實習中最重要的環節，在面對所有的長官以及同仁等都要拿捏好分寸，主管交代事項除了最好外，不懂之處也要有禮貌詢問，不要不懂裝懂，反倒會讓主管厭惡。  實習這一年裡，我特別想把這段落的心裡話告訴大家，我想在這段裡面一一感謝一些人，有他們在地在一年裡，讓我很溫馨很感動，也日益學習很多，尤其是它們把我當成朋友對待。  招募組協理-惟苓:柯老師是一個很注重細節的老師，我很認真地把她當老師，她會在我們不懂會做不對的地方，用一些我們明白的比喻教導我們，從中學習良多。  招募組副理-玲禕:我實習生活中的好姐妹，她對我百般的照顧，中午請我吃大餐，我遇到問題都是第一時間站在在我這邊幫我解決，我很認真覺得能夠遇見她是很開心的事。  招募組襄理-沈曄:也是我姐妹其中一員，明明我和她專案不會碰到，但我們卻什麼都能玩在一起，有說有笑有鬧，這樣的關係我想永久保存。  人行部-竺姐:鎮住瘋狂的我唯一一人，還有很多很多人需要去感謝。因為台新人資處這個大家庭對我好得太多太多。但我還是想說實習真的是個很好的提案，讓學生提早去踏入社會去面對形形色色的人事物，這樣對未來才不會陌生的畏懼。我希望未來的我繼續以人資的方向工作。
03/29-04/04,110,11,想學習的事應該說該改進的事，我希望我可以和自己的主管學習如何長大像樣，他說我還是太孩子，遇到被同期的態度差，不應該軟弱，沒有錯就應該勇敢地站出來。後續如果我想留在台新就得多方面考證照，我有在努力，但我研究後希望往人資方面走，但短期我還是有在努力準備。希望可以很順利考取證照。
11/19-11/25,109,12,越是到了12月，工作就真的變忙，就連電話也是接不完。每天都日復一日、一直重複同樣的生活。從看不完的簽呈到外接其他部門的申請單，甚至是幫忙同事製作報表，都一樣。每次有同事拿文件給我，看到我桌子上凌亂不堪的樣子時，都不知道該放哪，只能尷尬的疊放文件上。因此那段時間都被調侃說:家瑜現在是我們裡面工作最多也是最忙的。每次聽到這句我都很尷尬，畢竟我是事多但有些可以快速完成(如果忽略文件一直進來的話)，大部分文件真的都還可以半天內解決，所以都算還行。即使每天都過一樣的日子，但工作就是這樣，做久都大同小異，慢慢地就會習慣了。
11/26-12/02,109,12,雖然上次週記說12月變很忙，但這周很奇妙、出乎意外的不忙，反而還有點空閒時間，難道說是因為我忙太久老天爺終於聽到我的心聲讓我工作量減少?所以我就利用時間開始看哪時候返校。不然自己一直都扮演著上班族的身分，突然要轉換成學生身分還是很不習慣。但這是個很奇怪的感覺，明明是學生但因為實習所以平常根本沒去上學，好笑的是，返校時走在學校路上都覺得很陌生，等見到老師和同學才緩過神來發覺自己不在辦公室而是在學校。然後就馬上變換角色和心態/心情和好久沒見的人聊天。
12/03-12/09,109,12,這周也是一樣變得空閒時間很多，所以有額外多做些同事的工作和學習些新的東西。自從待在這裡後常常覺得自己有點像神經病。明明希望事情不要太多，但真的變少又覺得很難受、想趕快找事做，否則我真的全身不對勁。那時才想找事做時剛好同事給我一疊資料問我現在有沒有空，我一聽當然馬上說有空!原來，因為他今天很忙但又有一疊資料需要趕快處理才請我幫忙順便教我新的東西，這樣我就可以在有空的時間幫忙他。對我來說，這個不僅可以做事不讓自己無聊還可以學習正職的工作，根本一石二鳥。
12/10-12/16,109,12,在上禮拜學習到新東西的我，這週在沒有同事的幫忙下自己親手用了一些覺得心情很好、又被我學到一個東西的舒爽感覺。雖然學習很好，但如果之後工作又突然增加可能就沒有時間幫忙了，就覺得不開心。好不容易人家願意讓我多學職務以外的東西，結果卻因為自己忙不來而不能做，想到就難過。這樣想完後的一週內竟然都沒有增加工作量，反而還越來越閒，因此就開始做我份內以外的工作，做著做著就越來越得心應手，雖然中間有些看不太懂需要請教但我大致上都可以自己用了，心裡有種說不出的充實感。
12/17-12/23,109,12,還是一樣，這週也是工作量不多，利用空閒時間來做其他同事的工作。這樣一看，我發現已經有快一個月的時間上班那麼輕鬆了，回顧以往根本是不太可能的事啊。從一到公司打開信箱像紙片一樣飛來許多信件、同事或其他部門時不時送來文件請我處理等等…基本上光這兩樣就佔了我半天的時間。下午也是，處理簽呈、幫同事、和飛來飛去文件。等處理完都發現已經要5點了，快要下班了。但現在，卻是空閒空閒。只能說，要是幾個月前的我一定想不到未來我會如此輕鬆。
12/24-12/30,109,12,年底了，我來台新也有半年了。前幾天同事問我說:家瑜，你來台新半年了有什麼想法嗎?老實說我當下的想法只有一個「時間好快」。對啊，我從7月初到現在年底，中間發生許多大大小小的事，有啼笑皆非、傷心難過。到現在這些心情還是無時無刻發生在我身上。但我想說的是，從對事物的懵懂無知到現在能為其他人甚至部門及公司解決問題，這之中的經歷不是一言兩語就能說出來的。來這邊實習，對我來說不只是對公司、同事和職務的了解和賺錢，更是來磨練自己的人生經歷。
12/30-01/06,109,12,這週有終於比較忙了，可能是因為同事請假，基於代理人關係我需要幫他處理工作吧。不過那天也沒到很忙，就是做完一件事後沒多久又陸續有事情做，我覺得這樣的節奏是最剛好的，不會很快也不會很慢讓我比較沒負擔。但以往只要那位同事請假，我的工作量不僅暴增一倍還會變得非常忙，有好幾次忙到中午吞完飯後又繼續做事，還有被別的同事說:家瑜今天看起來好忙，一直跑來跑去，還是不要打擾你好了。所以他請假我都很害怕，私底下都叫他逼不得已拜託別請假。不過現在沒關係了，因為我目前都有空喔。
01/07-01/13,110,12,這週很特別，因為1/13是我的生日。當天一到公司，主管不知道怎麼知道今天我生日，就跟我說生日快樂。讓我又驚又喜。更讓人驚喜的是，過了一小時後告訴組內說因為今天我生日所以中午大家一起聚餐。那時候就想說，太好了賺到一餐免費。到中午大家一起吃了石頭火鍋，在吃飯的過程中主管問我有想好以後要找什麼工作嗎?那時我回答了個很模稜兩可的答案。說實話，那時的我真的對未來很茫然，不知道自己到底是適合什麼樣工作。但現在是該好好思考了，因為時間也不多夠我慢慢混。
01/14-01/20,110,12,過了一個禮拜後，我又從一般忙回歸到不忙的隊伍了。是年初嗎才會如此清閒，照慣例，還是做完自己的事後繼續用同事的工作。真的是用到很習慣了，就是所謂的得心應手吧。最近一直都拜託工作可以慢慢回到以前工作量的等級吧，不然我真的會越來越像五樓的實習生，有時候還可以不到12點就回家。雖然我是不能那麼早，因為早上/下午要做的是都不一樣，如果能早半小時下班那真的是太棒了。但更是不可能所以只能靠多點工作來麻痺自己、充實的在辦公室生存。
01/21-01/27,110,12,這週也是有點空閒，在我準備問同事有什麼事可以幫忙時，某位同事就給我一疊印花請我幫他貼並銷花。雖然不多但至少有事做不用空在那發呆，但黏到後面真的有點崩潰，不是一直用到手部就是要小心翼翼的撕印花，避免他撕破或撕完後沒放好讓他飛不見。黏完後主管才跟我說其實這個是考驗你細心度夠不夠的工作，一般人可能會隨便撕或黏就了事，但其實應該要仔細檢查是否有遺漏未黏和確認黏完後所剩的印花數量是不是和檢查表一樣，果然，事情沒那麼簡單。
01/28-02/03,110,12,越接近過年，又加上近期的工作量銳減許多，總覺得心一直不在辦公室，想著要去哪玩、吃什麼。我想可能大家想法都一樣，所以很特別的，主管請大家吃了飯，算是小提前團員桌飯。吃飯的過程中聽見許多同事都說著希望今年能繼續順利或發大財，聽到繼續順利，我也是希望在剩下這五個月內能安穩畢業/離職，不要帶有任何遺憾離開公司/學校。這兩個願望應該是我目前最想先完成的，當然，最重要的還是未來職涯發展，而現在，是應該好好思考了。
02/04-02/10,110,12,這週終於睽違已久忙碌起來了，會忙碌有兩個原因。第一:同事請假/第二:過年要到了，許多部門和同事都急急忙忙地在最後前幾天趕出申請或文件給我，不過還好不是集中在一天而是分散開來，不幸中的大幸啊。最開心的是在2/9這天，主管偷偷的對我們大家說，他知道大家都心思都在隔天了所以他今天可以睜一隻眼閉一隻眼讓我們提早一小時下班。沒有想到，我也有跟五樓同學一樣的難得機會，可以提早走。雖然這樣想但到了4點30分感覺大家明明都想走卻覺得沒人走自己走很尷尬，所以出現了很奇特的現象。我也是其中一人，想走卻不敢走，我想這應該是因為在職場上還是應該裝乖、客氣一下?
02/11-02/17,110,12,放完年假隔天回歸上班族模式覺得不適應，心態上也花了整整一天才緩和過來。過年後上班第一天，一切順利、安穩，工作量也從年前的想忙碌變成不忙碌。所以在公司整天也是需要自己找點事做，不然時間會覺得過很慢。但我看看日曆發現也快228假期了，或許再過幾天又要忙碌了，因為同事總是喜歡在假期前才趕出東西給我，所以目測再過個幾天就又要回歸剛進公司的忙碌生活。
02/18-02/24,110,12,結果這週沒我上禮拜週記時預測的忙碌，反而還有種未來會越來越閒的感覺?想到就覺得起雞皮疙瘩，這種有點空閒的日子我不想再過了，我想忙碌點讓自己有事做。不然這種感覺真的很不好受，也不好意思一直打擾同事說有沒有事可以做，自己也沒有太多雜事可做，只能乾巴巴的看著電腦。如果是幾個月前的我一定會求之不得，但現在體驗了好機個禮拜後只希望重新回歸從前正常忙碌生活，不要每天在公司那麼虛度光陰，也因為有這幾個禮拜的體驗，讓我超希望自己一直有事做，最好是做完一件來一件，那我的心情會非常愉快的。
02/25-03/03,110,12,連假放完後緊接著利用空閒時間替同事做網站遷移。上禮拜同事突然找我說希望我和另一位實習生能跟他一起處理網站相關問題，所以就幫忙了。只能說很難，一開始以為只要移過來移過去應該就行了，沒想到竟然還要我們自己設計網頁排版的，用的超艱辛，根本覺得自己好猛。我和另外一位實習生就一起分工合作，參考其他處的設計排版、問同事意見，無止盡的用用用，直到用好都虛脫。但用好這些看到這是我用出來的東西就覺得我好厲害啊!連這個都會了!
03/04-03/10,110,12,3/5這天是我們處內的春酒，所以心裡很緊張。一直聽說每年工讀生都會拿到最大獎，害我心裡超期待的。抱著忐忑不安的心到了晚上，準備摸彩時一直祈禱能拿到大獎，結果!只拿到3獎2000元;另外兩位一個1200一個800。抽完獎後大家都說今年的大獎沒被我們拿走，真開心。我們聽到整個覺得太哀了，我們三個竟然一個人都沒中，被捷足先登了。雖然最後沒拿到大獎，但過程中玩得開心、吃的也開心，拿的一般開心，這是我第一次也是最後一次和大家參與處內處餐，希望未來的公司春酒我能中大獎!
03/11-03/17,110,12,最近這禮拜一直在幫同事處理有關合約問題，每天一疊一疊的都要花很多時間才能處理完。所以又回歸忙碌的生活了。就像是把前幾個禮拜的空閒一次補齊一樣，整天忙都忙不完，要等到快下班才喘口氣。每次放輕鬆時都會想到自己在這裡剩四個月時，都覺得時間好快明明不久前自己才剛進來、還很認生的，隨著時間慢慢流逝，跟大家也大多熟了。到七月我應該會很捨不得吧，而且前陣子也有跟另一個實習生討論要請同事吃點心，畢竟他們幫我們不少，要不是他們，我們應該也不會像現在這樣熟悉操作流程。
03/18-03/24,110,12,在寫這篇時才發現自己已經做完學生時期的最後一份作業了。時間過得好快啊，已經要畢業了。畢業後就要開始真正的職場生活了，但在那之前這份實習工作也是再兩個月多就要說再見了，雖然總是一直希望可以趕快結束，但真的快要結束時又很捨不得。最近已經越來越多同事來問我的後續是想進修還是踏入職場，我都統一回答:直接工作。因為我現在只想快點找到工作穩定下來，進修的話隨時都可以，但工作可是不一樣啊。不過現在還是先一邊工作一邊努力找工作吧，這樣才不會浪費時間。
03/18-03/24,110,12,在實習過程中我認識到了部門裡的各組織工作內容與部門之間做事處理方式。其中收穫最多還是以自己所待的組內，因為每天都要處理其他同事派發給我的案子或信件，讓我在這之中找到了屬於我自己的做事風格與學會看案子要的是什麼效益、需要怎樣的方式才能完成又或者是需要部門裡的哪位同仁一起協助處理。
03/18-03/24,110,12,這學期遇到有人來調閱很久以前的合約，但我們部門專放合約的地方已經變得像魔窟一樣，完全沒人整理。為了找到那份年代久遠的合約我重新把魔窟重整一頓，慢慢分門別類，從A到E、序號01到200，一點點慢慢整理。直到三天後才完全整理完，完全煥然一新。連主管都嚇到，狂說我立大功。之後我就快速的找到那一份合約和增補約合約書。總之，這過程簡直是艱辛到爆。整頓完超有成就感。
03/18-03/24,110,12,如果有機會我想繼續留在台新。但，會想去其他單位磨練自己。因為我喜歡學習新事物，增加自己其他方面的競爭力。在這裡實習我很開心，有好的主管和同事，大家都對我很好，有什麼有趣好玩的總是會問我要不要也來，不會因為我是實習生就欺負我或討厭我。雖然我不能保證其他實習公司一定對實習生都很好，但這裡我真的覺得很難得，很幸運能遇到他們。雖然很喜歡這個部門，但是能學到的東西老實說都不是很專精，我自己是更希望偏向能夠真的學到有用的東西，不管他是什麼，我都願意去學習。不過也不能說真的都沒有學到東西，因為真正的東西我只能學到皮毛，主管也不可能直接完全把案子給我一個實習生做，我可以了解，但還是希望能有機會真的學到對未來有用的東西，讓我充實自己。這是我幾個月前的想法，現在的我越接近畢業越確定自己不會想留在台新。我會想往外發展，看看其他公司多多了解自己真正想要的是什麼。而且台新的整體環境我不是很喜歡，制度也是，覺得不合適自己。所以總歸自己還是不會想繼續留任。
11/18-11/24,109,13,休息了將近一個月半終於回去上班了，還真的有點不習慣，畢竟手還是無法好好打直，平放在桌上還有點怕怕的，畢竟要習慣手裡面有兩根粗粗的骨板，偶爾還是會痛痛的，還好經理跟主管都人很好，他們說我慢慢打就好了，更不會勉強我的產能要跟別人一樣多。不過現在開始都要習慣搭公車上下班，要早早起床好不習慣，坐公車時雖然手有綁著，但還是不會有人讓位，嗚嗚，也只能默默的用左手扶著希望公車不要突然急煞車。還好還年輕體力還撐得住呀。
11/25-12/01,109,13,每天上班都過得很緩慢，還在適應每天搭車的日子，天氣又越來越冷了，有時候還會下雨需要拿雨傘，慢慢嘗試除了搭車其他時間不要包著手。上班的時候打個一小時手就好酸偶爾還會痛，真的不知道還要多久，傷太重的復健之路真的好漫長呀，不過這已經比當初包石膏的感覺好很多了。慶幸自己年輕，承受的起這些疼痛和不舒服，心理壓力也不小，走在路上都要好小心，很怕一個不小心用到這隻脆弱的手，算一算實習還有將近半年，只能告訴自己要加油撐下去呀~~~~~~
12/02-12/08,109,13,慢慢越來越習慣這種上下班的感覺，不過手還是時常在發酸，剛開始回來上班時覺得終於不無聊了，不過現在過了兩個禮拜了，又開始覺得無聊了，人真的好討厭呀，容易覺得無聊。畢竟在這裡的工作是一塵不變的，我們的經理又算嚴格，有些組別都好自由呀，可以拿手機出來滑一下，畢竟我手痠想休息的時候都只能捏捏手然後發呆，看著旁邊的同事打字聲，倒數著實習甚麼時後結束呢，然後一個小時跑去廁所一次醒腦，這份工作真的好讓人想睡呀QQ。
12/09-12/15,109,13,慢慢邁入年底了，有感受到比較忙的感覺，不過我還是可以慢慢的工作，能打多少量就多少量，雖然不喜歡經理規定的工作風格，但其實不得不說他人算蠻好的，看到我就會問一下手還好嗎不要勉強，難怪我主管都跟我說，這個經理適合當朋友不適合當同事哈哈哈。每天度過緩慢的上班時間就是一邊打字一邊想事情，這個工作最大優點大概就是不需要用甚麼腦吧，除了一開始需要記公式，後面完全熟能生巧，看到要作甚麼帳KEY他的代碼進去在照著上面數字打進去就好。
12/16-12/22,109,13,挖阿時間真的過好快，就這樣默默的回來上班一個月了，也平平安安度過了每天搭車上下班的日子，手也恢復的越來越好，雖然還有好長好長一段時間，但相信很快會過去的。這週16號回去回診，醫生說狀況還可以，不過就是還是要努力復健才不會硬掉，雖然還有些地方手轉不過去，但已經比剛拆石膏的時候好太多太多了，手也能好好伸直了，只能告訴自己要好好揮別受傷的陰影好好的讓手好起來。
12/23-12/29,109,13,這週竟然已經是今年最後一週了，代表又要準備迎接新的一年了，可能這一兩年來發生了好多事情，所以覺得時間過得特別快。在這裡工作也接近半年了，雖然半年來有三分之一因為車禍沒有上班，但算是還過的挺充實吧。不管接下來的一年是如何，都希望身邊的人能平平安安開開心心的度過，畢竟出過意外的我，不求甚麼大富大貴的日子， 只希望能平安開心的過日子。 
12/30-01/05,109,13,這週度過了一個快樂的元旦連假，帶個狗狗去了花蓮玩，拆掉石膏也1個多月了，生活變的方便很多，雖然還是得小心翼翼畢竟一個不小心碰到都是很敏感不舒服，做甚麼事情都是靠左手居多，左手整個都快變金剛手了。現在還是冬天還可以穿著長袖遮住，等到越來越熱的時候就要把傷口露出來真的好醜呀。不過過了這週就真的是全新的一年了，還是老話一句，要開心平安的度過。
01/06-01/12,110,13,年初呀，都特別的忙，每天都有好多案件要打，雖然工作真的很簡單啦，不過就是打字打到手好痠，想想在這裡學到的最大技能大概就是打字跟打數字真的變超級快欸，按Tab跟Enter的速度也快到不行。不過經理有時候真的很難搞，求快求穩又要求正確，如果當天有錯誤沖正還得寫筆記去跟他解釋錯誤，但大家都不喜歡這樣所以都會很謹慎，不過謹慎就會讓速度變慢呀，還好對於實習生產能不會太要求，所以每個實習生都是求穩盡量不要出錯。
01/13-01/19,110,13,又到了月中拉，每次月中除了禮拜一或五或15號會忙，其他都算閒閒的，月底就更不用說了，一天到晚都在提早下班呢。這種感覺還蠻矛盾的，提早下班就可以提早休息沒錯拉，不過就沒有錢又時數好少呢，小小實習生真的是好可憐，還好也不會在這裡待久。讓我思考著是不是大公司也不一定好呢，福利好沒錯拉，不過薪水真的是少的可憐捏，以後找工作可能會傾向小規模公司，錢不會太少的，這樣跟同事可能也比較貼近吧，現在這工作根本很難熟悉同事，都做自己的事而已。
01/20-01/26,110,13,一個月真的過的挺快的，新年的第一個月要過完了呢，也代表快要迎接過年的長假來囉。月底又開始越來越悠閒了，不過等到過年前幾天肯定又要忙到爆炸了，每次都這麼跳Tone這個部門的工作好像實在無法平均，不是很忙就是很無聊呢，希望他們下個年度不要再招這麼多實習生了，忙的時候需要你，不忙就叫你回家，哎呀那種感覺真的是挺討厭的啦。
01/27-02/02,110,13,又到了月初拉，每次月中除了禮拜一或五或15號會忙，其他都算閒閒的，月底就更不用說了，一天到晚都在提早下班呢。這種感覺還蠻矛盾的，提早下班就可以提早休息沒錯拉，不過就沒有錢又時數好少呢，小小實習生真的是好可憐，還好也不會在這裡待久。讓我思考著是不是大公司也不一定好呢，福利好沒錯拉，不過薪水真的是少的可憐捏，以後找工作可能會傾向小規模公司，錢不會太少的，這樣跟同事可能也比較貼近吧，現在這工作根本很難熟悉同事，都做自己的事而已。
02/03-02/09,110,13,來到了過年前一個禮拜瘋狂爆炸忙的時候了，每天真的都好忙阿，很多公司要開始發年終獎金了，這禮拜真的每天都上好上滿上到五點半呢。但也好累，上班上到狂打瞌睡，肚子也好容易餓，畢竟這種冷天氣就很適合在家裡睡覺呀。不過工作量很多的同時也有覺得手的狀況一天比一天好了越來越不容易酸了，手腕也越來越能轉正了，之前的姿勢總是怪怪的，現在雖然沒有像以前一樣百分之百能好好正常使用，但至少已經比當初受傷時好太多。
02/10-02/16,110,13,太開心啦，終於來到過年的長假了，雖然疫情又大爆發了，好像過年也幾乎都待在家，但能好好地放長假真的很舒服呀。過年前每天上班被轟炸的感覺終於結束了，今年過年都沒有去哪拜拜，只有少少的出門逛逛而已。拜託希望明年這時候疫情已經結束了，不然這種每天出門都要戴口罩小心翼翼的生活真的好辛苦呀，願台灣能平平安安度過。
02/17-02/23,110,13,過年結束了，原本以為假期結束會很忙，結果竟然出乎意料的悠閒，有幾天最誇張都上班兩小時就叫我們下班，真的直接傻眼欸，原來是因為證券商還沒開工，因為平常我們的工作量有一半是在做證券帳。沒想到這禮拜六要補假經理還逼我們實習生來上班，結果真的還是很閒，又叫我們早早下班，真的是很傻眼，我們一大早起床搭公車上班，不需要我們又叫我們滾，實習生真的好可憐哪。
02/24-03/02,110,13,好的，悠哉日子終於結束，證券商開始上班了，又恢復忙忙的日子了，也漸漸來到月底，不用常常提早下班了。也慢慢的在倒數在這裡上班的日子了，真是好開心，別人實習每個月都可以領到超過兩萬我們真的是只有一開始有超過，後面都沒有了嗚嗚，以後真的不會想再找大公司了，福利還可以沒錯，可是都要累積年資好久才有自己滿意的薪水，有些小公司雖然忙碌人少，但薪水其實是還可以不少的，福利也還不錯。
03/03-03/09,110,13,3月初了呀，月初又來到了除了1號5號10號其他日子都不忙的時候哩。工作量也漸漸的變的正常了，不過我就覺得很奇怪，明明其實平常的量根本不需要這麼多實習生，可是我們部門卻是這邊最多實習生的部門，有時候真的好不懂他們到底怎麼控管人力的，算拉我也只能自己在心裡喃喃自語，畢竟我也不能決定他們要怎麼樣安排，哈哈哈哈。
03/10-03/16,110,13,實習週記終於來到了倒數第二篇了，每個禮拜都要寫週記真的好難想呀，尤其是對於我們這種每天都做一樣的工作的人來說真的好辛苦好難想要寫甚麼，跟同事也不怎麼熟，大家都做差不多的事完全沒有甚麼交流，真的好無趣呀。如果可以重新選實習我一定不會選這裡的，我愛有挑戰的工作，這裡可能都比我以前打工做服務業還要無聊捏。總之快結束了，都是為了要畢業，在ㄍㄧㄥ也沒多久了好開心。
03/17-03/23,110,13,最後的最後了呀，從上學期的第一週寫到現在的三十六週，真的榨乾了絞盡腦汁的想每一次要打甚麼，希望學校以後可以改成兩週寫一次週記體諒一下大家辛苦的實習~~~實習也漸漸的來到剩下的三分之一了，從一開始抱怨到現在也快抱怨到結束了，因為我原本的個性就是很愛碎碎念，所以男友一天到晚聽我在抱怨，他很開心我實習要結束了，終於不用再聽我碎碎念了，哈哈哈哈。
03/17-03/23,110,13,學到了如何打字變超快，如何看電腦打字快狠準。如何細心的檢查每一個案件有沒有錯降低自己出錯率。
03/17-03/23,110,13,印象最深的就是規定越來越多越來越嚴格，從一開始的前一天錯誤要發在郵件跟大家檢討，到後面有錯誤就要去找經理檢討，去找經理檢討時完全都要看他臉色，最好不要是他心情不好的時候，不然他就會臉很臭態度很差。不過聽說經理是很看人的，還好我在她心目中印象還不錯目前為止沒有被他罵過他還會常常關心我，總之呢我覺得經理這個人其實是不錯的，不過就是不喜歡他的工作規定。難怪我的主管說過，經理這個人適合當朋友不適合當同事上司。
03/17-03/23,110,13,還想學習不同組別的東西，畢竟一整年都要待在同一個組，真的好受限呀，這裡的東西不用一個ˊ月就學完了，不用三個月就可以全部熟悉完畢了，真的是太簡單了，完全沒有挑戰度，這些工作我高中畢業只要鍵盤打得夠快其實都可以輕鬆學得來，也完全能理解為什麼這裡流動率這麼高了，想學的東西真的太多，這裡太一塵不變，希望未來出社會能學到自己想學的工作。
12/28-12/31,109,14,這週過完就要跨年了，感覺好快喔我到這間分行已經有快半年了欸，一切就跟剛進去一樣好不真實，我真的很幸運被分配到這家分行，不但離我家很近而且大家都對我超好的，分行又很常有下午茶點心，一開始覺得好像很難我應該會要學習很久才能上手，等真正開始做以後才發現其實我還是可以的，雖然不懂的還是很多，但是慢慢學我是可以應付來的
01/04-01/08,110,14,從開櫃以來我遇過2個警示戶，其中一個他年紀只有19歲而已，因為缺錢用就把自己的戶頭賣給詐騙集團，好讓他們把金錢轉進來再領走。聽他說前後差不多可以拿到1萬多塊。我覺得現在的年輕人都不知道在想什麼，怎麼可以這麼隨便就把自己的戶頭給別人，信用這種東西是非常重要的，這關係的以後借貸的問題。 
01/11-01/15,110,14,這週準備來考第一張證照，壽險聽說沒有很難把題庫跟歷屆試題看熟基本就可以了，不過對於我來說很難，我以前完全不是讀商的或是金融，所以不是很了解，再加上我這次沒有很認真準備考試，結果考得很不理想。不過我下次會認真準備的，畢竟證照對於工作還是必備的東西，我如果將來要升正職，就一定會需要的而且其他張或許更難。會需要好好加油！ 
01/18-01/22,110,14,最近詐騙的案例很多，考量安全問題台新的網銀，開始要設置裝置認證的設定，只能綁定一支手機，如果有換過手機的就要先做設定才能轉帳，這週開始就有蠻多客人，跑來分行詢問，其實那個很簡單，只要拿提款卡去ATM 做設定就能使用了，不用抽號碼牌來裡面等。 所以我們通常都直接帶客人去ATM操作，讓他們下次遇到就能自己去ATM做變更了。 
01/25-01/29,110,14,這週原先是要舉辦尾牙的，但是因為疫情的關係被取消了，我覺很可惜不過公司還是有補助大家獎金，每人有2000元直接在下個月薪水入帳。聽說這次疫情讓分行的來客數減少不少，比起往年少了許多，這對我來說剛好是一個學習的機會，非常幸運！因為我是實習生的關係，有很多都沒有權限這點很討厭，有時候會抽到我不能做的交易，對客人蠻不好意思的。 我聽我朋友在別家銀行什麼都要學習，外幣、網銀等等的，我也超想學習的。 
02/01-02/05,110,14,這週過完就要過年了，陸續有很多人來銀行換新鈔，這時候的人潮真的很可怕，而且新鈔最害怕黏鈔，聽說在前幾年最常在打烊後點鈔少錢，要我們多注意一定要多點幾次，確保沒有錯誤。我們會給客人一個限額，我就有遇到很雞掰的客人，一來說要換多少多少，講得自己多偉大，不給換就要客訴一樣超兇的，最後主管還是有給他換拉，但是還是會跟他說明清楚。這次好險大家都沒有少錢或是多錢，早早下班回家過年。 
02/17-02/20,110,14,這週剛過年回來，休了快一個禮拜，又要開始上班了，感覺有些業務都快忘記怎麼做了，剛放假回來，分行的客人逐漸增加不少，蠻多是餐飲業者來存錢、換錢等等。現在因為疫情分行的來客數比起往年下降不少，聽說我們樓上的旅行社原本是兩大樓層，直接因為疫情關掉一層樓欸，不過因為他們算是大間的旅行社，還是有撐下去，聽聞蠻多小間的有的抵不過就都收起來了，不知道這波疫情什麼時候才能完全結束，我好像出國玩喔 
02/22-02/26,110,14,這週分行補辦之前取消的春酒，在分行附近的餐廳吃烤鴨，順便歡送一位同事的輪調，台新有規定待滿3-4年公司就會輪調防治舞弊。這次還加碼玩遊戲抽紅包，雖然我都沒有中拉不過大家都玩的很開心。我很幸運來到這個分行，大家都很照顧我也教會我許多，換作到別家可能就沒這麼幸運，不是整天加班就是被主管罵吧。 
03/02-03/05,110,14,現在因為安全性問題，變得比較嚴格，來銀行匯款、無摺存款大於3萬等等都需要看身分證件，但是都會有很多客人覺得很麻煩或是覺得沒必要，很常直接就開罵認為自己有寫了幹嘛要看證件之類的，我有時候就很無言又不是你寫就可以證明那是你的身份，我也不知道正不正確啊，看證件還是需要核對是不是本人，是需要把口罩拿下來看的，這週就遇到一位客人，當場直接罵我，不願意把口罩拿起來，讓我很不爽。
03/08-03/12,110,14,這週開始上午我都會去門口跟警衛大哥一起站大廳，幫忙客人抽號碼牌或是協助客人的一些問題，引導他們利用預填來提升公司的自動化服務以及提升他們作業的時間，像是要做國內的匯款、轉帳或是申請類的約定帳戶都可以先預填。預填不僅可以節省我們後續作業的時間還可以讓客人提前被叫號，這樣真的是一舉兩得。不過還是有蠻多的客人不喜歡，他們覺得用手寫的他們比較方便。 
03/15-03/19,110,14,這週的某一天，有位客人拿著信用卡的帳單來行，詢問我說他沒有印象有辦那張卡，而且也沒有刷卡的紀錄為什麼被扣款了，最後我幫他打給客服。原來是辦了一張需要每個月刷3萬不然就要付年費一萬的卡，他就超級生氣地罵客服，說他根本沒有收到卡片而且也沒開卡，我們居然扣他一萬塊的錢，他覺得不合理之類的，大聲到每個人都聽到。讓我有點尷尬，不過他掛斷電話後，有對我感到抱歉，並說他只是覺得太扯了之後就離去。總結我也覺得很離譜，雖然我也不知道他是不是真的沒收到卡片，但是現在那有信用卡還有在收年費的。 
03/22-03/26,110,14,這週的某一天，有位客人請我幫他繳納稅款及勞健保費，繳完後他發現，他先前設定的自動代扣繳已經扣款了，等於他重複繳款，於是請我幫他取消這筆款項，但是我已經作完交易沒辦法，只能沖正了這樣不僅會扣到分行成績還會扣倒我個人成績，最後只好請他寫證明是他個人原因要求沖正，好讓我們不會扣到分數。 
03/29-04/01,110,14,這週準備去考證照，經理說如果轉正職的話，需要在期限內把證照考齊不然會被fire，我剛開始還不相信台新真的會開除人欸，後來聽說前陣子我還沒進去前真的有人被開除，他們說給他的期限一直延期但他們還是沒認真考，最後沒通過就掰了，有一位好像去遠東另一位去合庫一樣是做櫃檯的。這樣讓我超級緊張的。哎我這次考衍生性金融商品超級難的～我完全不懂，只能硬背答案還是沒有通過。不過還差一點點只能再接再厲了。 
04/06-04/09,110,14,這週我決定再報名一次證照，想說記憶還很有印象看能不能通過，這張證照的標準是滿70分就算通過，我只差3分就可以過了，真的很可惜誒，他一張報名費也不便宜要價900元，等於我花了1800考試還沒過，超級心痛的哈哈哈。銀行標準就是5張證照，除了這張還需要信託、壽險、產險、人生保險、投信投庫、銀行內控。 
04/12-04/16,110,14,前幾週銀行送來很多箱鳳梨，剩下的快要熟透了不能久放，就分發給櫃檯的每個人以及前來消費的顧客。我記得有一位常客把我們給他的鳳梨做成果醬，在拿回分行給我們大家品嚐，超級厲害的誒！那些鳳梨非常的甜，而且都蠻大顆的，好像是金攥鳳梨，我覺得台灣得果農真的是辛苦了 
04/19-04/23,110,14,這週的某一天，在營業時間結束點小包（就是清點抽屜裡面的金額，跟帳上金額有沒有一樣）時，發現帳上少了40元，於是我就開始抓帳，雖然最後還是沒有找到為什麼會少40元，不過我猜應該是要找客人10元的時候，不小心把50元給客人了。希望以後我可以多注意一點不要再找錯錢了。印象中我剛去時蠻常在抓帳的，現在確實進步不少哈哈哈 
04/26-04/30,110,14,這週沒什麼重要的事情跟平常一樣，上午沒什麼客人下午也蠻閒的，悠哉的度過一天，最近在考慮要不要轉正職的問題，想了蠻久最後決定還是先不要轉正職吧。想先去找一些自己有興趣的工作，嘗試看看不同的感覺，我認為銀行就是一份開始做就會一直做下去的工作，是一份求穩定的鐵飯碗，我覺得我還年輕想嘗試不一樣的，吃點苦、薪水低一點都沒關係，最近係上有一些政府補助的課程，想先去把一些證照補齊學一點知識，對將來找工作會有很大的幫助。 
05/03-05/07,110,14,銀行開戶會有專門的服務櫃台幫忙開戶，跟我們櫃台這邊是分開的，平均一戶會需要半小時到一小時。這週有位未成年要開戶，他和他爸爸就抽了號碼牌來等候，但是他前面還有一戶正在開，先前警衛大哥已經有跟他講前面還有一戶正在開需要等候，他差不多等了20分鐘後，就等的很不耐煩，最後他受不了直接跑來櫃台這麼罵，說他資料都準備好了，怎麼可以等這麼久還沒輪到他什麼的，這時候經理也是一邊安撫他一邊說明情況，但是他還是很生氣。 
05/03-05/07,110,14,在實習期間學習到有關支票的一些常識，什麼是次交票、托收票、禁止背書轉讓，支票還有分地區性以及票面上面兩條橫線等等的，還有銀行一天轉帳的限額、ATM的限制、銀行的規定。這些都是去實習以後才會了解的，在這段時間有看到許多詐騙的案例、或是直銷公司的宣傳手法，讓老人家一直匯錢進去之類的，看的真的蠻心疼的，真希望以後不要再這麼多詐騙的案例出現。 
05/03-05/07,110,14,實習這段時間，印象最深刻的事情大概是有天有位客人來分行要存錢，但是他不知道對方的戶名只知道帳號，這樣我們是無法幫他存款的，我們就請客人詢問一下，結果客人直接爆氣開罵，而且還拍桌大聲到整個分行的人都聽到，最後很好笑的是他還問行員敢不敢跟他比賽跑步，超級傻眼的。
05/03-05/07,110,14,還想學習的事情 ．台幣換外幣 ．如何協助客人申辦網路銀行 ．約定帳號 ．Richart 升級 ．印鑑卡的申請
11/23-11/27,109,15,做交易時最重要的就是，不要算錯錢給客人，在自己錢錢中不要抓帳。過程中滿感謝小老師的教導，每天都進步一點點，希望可以成為得力助手。希望不要一直給別人添麻煩。其實在過程中犯了很多的錯，把客人的存摺印壞，忘記還給客人印章等等。主要還是要細心地做每個部分，多點留意工作可以處理得更好，做得更加流暢。
11/30-12/04,109,15,主要還是都在學習BANCS，BANCS是我們主要的操作系統，基本上是每天都要使用到的，我們裡面幾乎都是用代號的方式去操作，裡面最常做的交易，就是幫客人取錢領錢、匯款，還有可以幫客人換存摺的功能，其實非常方便，相信只要好好練習，一定可以熟能伸巧。做交易時最重要的就是，不要算錯錢給客人，在自己錢錢中不要抓帳。過程中滿感謝小老師的教導，每天都進步一點點，希望可以成為得力助手。最近開始思考了很多，也正在思考自己是否適合這份工作，慢慢來尋找自己的真心。慢慢思考著自己的方向，可以的加油。
12/07-12/11,109,15,最近也一樣，遇到開櫃時也是壓力很大到，晚上睡不著，慢慢習慣緊張的感覺，這樣不知道是好還是壞。。主要還是都在學習BANCS，BANCS是我們主要的操作系統，基本上是每天都要使用到的，我們裡面幾乎都是用代號的方式去操作，裡面最常做的交易，就是幫客人取錢領錢、匯款，還有可以幫客人換存摺的功能，其實非常方便，相信只要好好練習，一定可以熟能伸巧。做交易時最重要的就是，不要算錯錢給客人，在自己錢錢中不要抓帳。過程中滿感謝小老師的教導，每天都進步一點點，希望可以成為得力助手。最近開始思考了很多，也正在思考自己是否適合這份工作，慢慢來尋找自己的真心。慢慢思考著自己的方向，可以的加油。覺得過得開心，過得充實最重要。
12/14-12/18,109,15,在最近開櫃的過程中，一直被主管罵，每一次罵，都是讓我進步的養分，雖然心情會受到影響，但是就是心理要調解很重要。主要還是都在學習BANCS，BANCS是我們主要的操作系統，基本上是每天都要使用到的，我們裡面幾乎都是用代號的方式去操作，裡面最常做的交易，就是幫客人取錢領錢、匯款，還有可以幫客人換存摺的功能，其實非常方便，相信只要好好練習，一定可以熟能伸巧。做交易時最重要的就是，不要算錯錢給客人，在自己錢錢中不要抓帳。過程中滿感謝小老師的教導，每天都進步一點點，希望可以成為得力助手。最近開始思考了很多，也正在思考自己是否適合這份工作，慢慢來尋找自己的真心。慢慢思考著自己的方向，可以的加油。覺得過得開心，過得充實最重要。
12/21-12/25,109,15,有些事情就是記不起來，有點棘手，也不知道是不是自己不構熟練導致，要再加油才行。主要還是都在學習BANCS，BANCS是我們主要的操作系統，基本上是每天都要使用到的，我們裡面幾乎都是用代號的方式去操作，裡面最常做的交易，就是幫客人取錢領錢、匯款，還有可以幫客人換存摺的功能，其實非常方便，相信只要好好練習，一定可以熟能伸巧。做交易時最重要的就是，不要算錯錢給客人，在自己錢錢中不要抓帳。過程中滿感謝小老師的教導，每天都進步一點點，希望可以成為得力助手。最近開始思考了很多，也正在思考自己是否適合這份工作，慢慢來尋找自己的真心。慢慢思考著自己的方向，可以的加油。覺得過得開心，過得充實最重要。
12/28-01/01,109,15,最近可以試著推銷信用卡，果然皇天不負苦心人，推銷了好幾張出去了，心中的成就感好滿足。主要還是都在學習BANCS，BANCS是我們主要的操作系統，基本上是每天都要使用到的，我們裡面幾乎都是用代號的方式去操作，裡面最常做的交易，就是幫客人取錢領錢、匯款，還有可以幫客人換存摺的功能，其實非常方便，相信只要好好練習，一定可以熟能伸巧。做交易時最重要的就是，不要算錯錢給客人，在自己錢錢中不要抓帳。過程中滿感謝小老師的教導，每天都進步一點點，希望可以成為得力助手。最近開始思考了很多，也正在思考自己是否適合這份工作，慢慢來尋找自己的真心。
01/04-01/08,110,15,最近開始接觸一些文書業務，每天都很努力整理好資料，資料很多但是覺得慢慢整理感覺也不錯。主要還是都在學習BANCS，BANCS是我們主要的操作系統，基本上是每天都要使用到的，我們裡面幾乎都是用代號的方式去操作，裡面最常做的交易，就是幫客人取錢領錢、匯款，還有可以幫客人換存摺的功能，其實非常方便，相信只要好好練習，一定可以熟能伸巧。做交易時最重要的就是，不要算錯錢給客人，在自己錢錢中不要抓帳。過程中滿感謝小老師的教導，每天都進步一點點，希望可以成為得力助手。最近開始思考了很多，也正在思考自己是否適合這份工作，慢慢來尋找自己的真心。
01/11-01/15,110,15,在工作中其實會觀察到，同事的各種個性，因為每個人做事的方式不太一樣，有些人就是比較積極，有些人總是不太在乎，很喜歡去偷懶，我真的不想成為偷懶的人，不想成為那樣的自己，所以其實一直以來給自己的目標很明確，就是努力到不能努力為止，我很有自信的說，我ˋ其實到台新，真的都很認真，也很努力的去完成各種事情。開櫃時的壓力都很大，開櫃前晚上都睡不好，要一直給自己精神小語，保持愉快的心，保持動力繼續前進。。主要還是都在學習BANCS，BANCS是我們主要的操作系統，基本上是每天都要使用到的，我們裡面幾乎都是用代號的方式去操作，裡面最常做的交易，就是幫客人取錢領錢、匯款，還有可以幫客人換存摺的功能，其實非常方便，相信只要好好練習，一定可以熟能伸巧。做交易時最重要的就是，不要算錯錢給客人，在自己錢錢中不要抓帳。過程中滿感謝小老師的教導，每天都進步一點點，希望可以成為得力助手。希望不要一直給別人添麻煩。
01/18-01/22,110,15,其實一直思考著，如何讓自己一直保持進步，重點還是決心，還有保持愉快的心。主要還是都在學習BANCS，BANCS是我們主要的操作系統，基本上是每天都要使用到的，我們裡面幾乎都是用代號的方式去操作，裡面最常做的交易，就是幫客人取錢領錢、匯款，還有可以幫客人換存摺的功能，其實非常方便，相信只要好好練習，一定可以熟能伸巧。做交易時最重要的就是，不要算錯錢給客人，在自己錢錢中不要抓帳。過程中滿感謝小老師的教導，每天都進步一點點，希望可以成為得力助手。希望不要一直給別人添麻煩。其實在過程中犯了很多的錯，把客人的存摺印壞，忘記還給客人印章等等。
01/25-01/29,110,15,在做交易時，有些地方還是不是很懂，所以就會問小老師怎麼辦，希望可以藉由多做幾次交易，讓自己更加的熟練。主要還是都在學習BANCS，BANCS是我們主要的操作系統，基本上是每天都要使用到的，我們裡面幾乎都是用代號的方式去操作，裡面最常做的交易，就是幫客人取錢領錢、匯款，還有可以幫客人換存摺的功能，其實非常方便，相信只要好好練習，一定可以熟能伸巧。做交易時最重要的就是，不要算錯錢給客人，在自己錢錢中不要抓帳。過程中滿感謝小老師的教導，每天都進步一點點，希望可以成為得力助手。 在工作中其實會觀察到，同事的各種個性，因為每個人做事的方式不太一樣，有些人就是比較積極，有些人總是不太在乎，很喜歡去偷懶，我真的不想成為偷懶的人，不想成為那樣的自己，所以其實一直以來給自己的目標很明確，就是努力到不能努力為止，我很有自信的說，我ˋ其實到台新，真的都很認真，也很努力的去完成各種事情。
02/01-02/05,110,15,最近開始在推銷我們的新產品RICHART LIFE，果然皇天不負苦心人，推銷了好幾張出去了，心中的成就感好滿足。主要還是都在學習BANCS，BANCS是我們主要的操作系統，基本上是每天都要使用到的，我們裡面幾乎都是用代號的方式去操作，裡面最常做的交易，就是幫客人取錢領錢、匯款，還有可以幫客人換存摺的功能，其實非常方便，相信只要好好練習，一定可以熟能伸巧。做交易時最重要的就是，不要算錯錢給客人，在自己錢錢中不要抓帳。過程中滿感謝小老師的教導，每天都進步一點點，希望可以成為得力助手。最近開始思考了很多，也正在思考自己是否適合這份工作，慢慢來尋找自己的真心。
02/22-02/26,110,15,最近開始接觸一些文書業務，每天都很努力整理好資料，資料很多但是覺得慢慢整理感覺也不錯。主要還是都在學習BANCS，BANCS是我們主要的操作系統，基本上是每天都要使用到的，我們裡面幾乎都是用代號的方式去操作，裡面最常做的交易，就是幫客人取錢領錢、匯款，還有可以幫客人換存摺的功能，其實非常方便，相信只要好好練習，一定可以熟能伸巧。做交易時最重要的就是，不要算錯錢給客人，在自己錢錢中不要抓帳。過程中滿感謝小老師的教導，每天都進步一點點，希望可以成為得力助手。最近開始思考了很多，也正在思考自己是否適合這份工作，慢慢來尋找自己的真心。
03/01-03/05,110,15,開櫃時也是壓力很大到，晚上睡不著，慢慢習慣緊張的感覺，這樣不知道是好還是壞。主要還是都在學習BANCS，BANCS是我們主要的操作系統，基本上是每天都要使用到的，我們裡面幾乎都是用代號的方式去操作，裡面最常做的交易，就是幫客人取錢領錢、匯款，還有可以幫客人換存摺的功能，其實非常方便，相信只要好好練習，一定可以熟能伸巧。做交易時最重要的就是，不要算錯錢給客人，在自己錢錢中不要抓帳。過程中滿感謝小老師的教導，每天都進步一點點，希望可以成為得力助手。最近開始思考了很多，也正在思考自己是否適合這份工作，慢慢來尋找自己的真心。慢慢思考著自己的方向，可以的加油。覺得過得開心，過得充實最重要。
03/08-03/12,110,15,最近有些事情handle不來，有點棘手，也不知道是不是自己不構熟練導致，要再加油才行。主要還是都在學習BANCS，BANCS是我們主要的操作系統，基本上是每天都要使用到的，我們裡面幾乎都是用代號的方式去操作，裡面最常做的交易，就是幫客人取錢領錢、匯款，還有可以幫客人換存摺的功能，其實非常方便，相信只要好好練習，一定可以熟能伸巧。做交易時最重要的就是，不要算錯錢給客人，在自己錢錢中不要抓帳。過程中滿感謝小老師的教導，每天都進步一點點，希望可以成為得力助手。最近開始思考了很多，也正在思考自己是否適合這份工作，慢慢來尋找自己的真心。慢慢思考著自己的方向，可以的加油。覺得過得開心，過得充實最重要。 補充一下handle不來的部分，在外匯部分真的比較難，有時候比較難去離解，包含郵電費的部分，跟電文的性質，還有解款分行的部分代號，真的要做比較多次才可以理解。
03/15-03/19,110,15,最近有愛心園遊會的活動，我也帶著女朋友一起去參加，過程中其實有點不知道在幹嘛，但是活動成功就好。主要還是都在學習BANCS，BANCS是我們主要的操作系統，基本上是每天都要使用到的，我們裡面幾乎都是用代號的方式去操作，裡面最常做的交易，就是幫客人取錢領錢、匯款，還有可以幫客人換存摺的功能，其實非常方便，相信只要好好練習，一定可以熟能伸巧。做交易時最重要的就是，不要算錯錢給客人，在自己錢錢中不要抓帳。過程中滿感謝小老師的教導，每天都進步一點點，希望可以成為得力助手。最近開始思考了很多，也正在思考自己是否適合這份工作，慢慢來尋找自己的真心。慢慢思考著自己的方向，可以的加油。覺得過得開心，過得充實最重要。
03/22-03/26,110,15,主要還是都在學習BANCS，BANCS是我們主要的操作系統，基本上是每天都要使用到的，我們裡面幾乎都是用代號的方式去操作，裡面最常做的交易，就是幫客人取錢領錢、匯款，還有可以幫客人換存摺的功能，其實非常方便，相信只要好好練習，一定可以熟能伸巧。做交易時最重要的就是，不要算錯錢給客人，在自己錢錢中不要抓帳。過程中滿感謝小老師的教導，每天都進步一點點，希望可以成為得力助手。最近開始思考了很多，也正在思考自己是否適合這份工作，慢慢來尋找自己的真心。慢慢思考著自己的方向，可以的加油。
03/29-04/02,110,15,最近疫情的影響，改變了很大，銀行生意來客量減少，主要是因為現在大家都害怕群聚感染。我們在工作上的準備，也變成說要長時間的酒精消毒，然後公司最近也發了面罩，要我們好好保護自己。 最近開始接觸一些整理資料業務，每天都很努力整理好資料，資料很多但是覺得慢慢整理感覺也不錯。都要把事情處理好，其實也是一種功夫。主要還是都在學習BANCS，BANCS是我們主要的操作系統，基本上是每天都要使用到的，我們裡面幾乎都是用代號的方式去操作，裡面最常做的交易，就是幫客人取錢領錢、匯款，還有可以幫客人換存摺的功能，其實非常方便，相信只要好好練習，一定可以熟能伸巧。做交易時最重要的就是，不要算錯錢給客人，在自己錢錢中不要抓帳。過程中滿感謝小老師的教導，每天都進步一點點，希望可以成為得力助手。最近開始思考了很多，也正在思考自己是否適合這份工作，慢慢來尋找自己的真心。 現在我們也有同事在居家上班，分流上班也是多一種選擇，也是好好保護公司跟整體形象的作法。看了有許多銀行有確診者，自己也十分的害怕，也覺得當作是一種警惕。
04/05-04/09,110,15,最近其實離實習完成日期很接近了，這一年學到了許多東西，在更方面都成為了更好的人，也好好了解了金融業大致上的走向，雖然很辛苦，但是一步步走來還是很有成就感，如果有機會，當完兵還想回來繼續轉正。最近很忙碌，因為接近在發薪水的時候，很辛苦每天都是身心俱疲，真的是很累，但是過程中可以成長很值得。主要還是都在學習BANCS，BANCS是我們主要的操作系統，基本上是每天都要使用到的，我們裡面幾乎都是用代號的方式去操作，裡面最常做的交易，就是幫客人取錢領錢、匯款，還有可以幫客人換存摺的功能，其實非常方便，相信只要好好練習，一定可以熟能伸巧。做交易時最重要的就是，不要算錯錢給客人，在自己錢錢中不要抓帳。過程中滿感謝小老師的教導，每天都進步一點點，希望可以成為得力助手。其實跟同事們感情很好，也有種不捨的感覺，其實這一年來，大家都幫助我很多，我很謝謝大家。在台新上班的日子很辛苦，有血有淚，也有哭泣悲傷的時候，也很謝謝老師的幫忙，我才可以完成這條路。 忙碌部分，其實實習生很多事情是跟正職重複，算是半個正職，然後實習生還要幫忙訂餐，還需要幫忙各種細項，例如去寄信，去支援別分行開櫃檯，我之前就有去板橋分行支援過，我覺得這都是一種挑戰，克服它你就是更好的人。
04/05-04/09,110,15,主要還是都在學習BANCS，BANCS是我們主要的操作系統，基本上是每天都要使用到的，我們裡面幾乎都是用代號的方式去操作，裡面最常做的交易，就是幫客人取錢領錢、匯款，還有可以幫客人換存摺的功能，其實非常方便，相信只要好好練習，一定可以熟能伸巧。操作程式之餘，其實在點錢或者是，算錢部分也是有一些技巧所言。
04/05-04/09,110,15,印象最深刻的就是，我們實習期間，有去愛心拉票活動。台新金控長期投入社會關懷，自2002年起，以幫助921大地震重災區南投縣內重建區的居民產業提升及經濟自主為核心概念，本著「給釣竿替代給魚」的原則，運用企業資源與品牌的影響力，結合電子商務平台的豐厚資源，協助重建區內農產銷售、農產作物認養及推廣特色農產旅遊活動，以振興區內地方特色產業自主發展。 執行「關懷台灣系列」多年後，台新金控進一步發現，企業社會責任需長期支持運作，故於2010年成立台新銀行公益慈善基金會，以專職機構來長期執行社會公益及規畫慈善計劃，秉持「取之於社會、用之於社會」的理念，延續對台灣之關懷，長期規劃及執行社會慈善、公益事務，以持續協助弱勢者建構經濟自立的能力為目標。 這項活動呢，我也有帶我女朋友去，參加活動的過程其實十分的有趣，也間接的讓我了解到，有多麼多的人需要幫忙，需要我們伸出援手。其實是十分有意義的。也有很多同仁也帶著自己的小孩來參加，十分的熱鬧。讓我感覺的職場上不同的一面。我覺得人甚麼時候最美，就是在做自己喜歡的事情，努力奮鬥著，還有就是盡一分心力幫助他人。
04/05-04/09,110,15,我滿想試試看理財專員的，因為當櫃員時，時常會接觸到理財專員，我覺得他們在推銷產品時，那種與客人接觸的氛圍，感覺跟我的氣質比較像一點。我覺得在當櫃員中處理事情的方法，跟我想得比較不一樣，但至少我嘗試過這份工作，了解當中的性質。
11/16-11/20,109,16,這個禮拜幾乎每天有空閒的時間都在協助基金會，基金會在這個月有重大的活動是有關於社福團體的提案，提案完畢進行審查後會進行公開投票並且需協助拉票，我的工作就是幫忙製作投票完成的小禮品並且參與本公司大樓的拉票活動，這禮拜我就像是女工一樣的不斷的包裝，雖然我是去幫忙的但還是很感謝基金會的同仁不斷地幫忙我，還有基金會執行長很擔心因為做這個小禮品加班到很晚，感覺基金會的大家都很辛苦為了這個到處奔波，這個活動從開始到現在我一直參與其中學習到團隊合作，也覺得很慶幸自己能幫到大家，也讓我這禮拜過得非常充實。
11/23-11/27,109,16,這禮拜一樣是協助基金會的活動，繼續包裝小禮品但多了一份工作就是公司拉票活動，工作內容很像擺攤一樣，會先舉牌請全公司各位同仁掃描QRcode進行投票，投票完成後就能進行抽獎，並且抽完獎需要留個人資料這樣，一開始其實沒什麼信心能夠拉到票，還會擔心會不會製作的禮品並不吸引同仁，但沒想到的是透過大家的相互扶持以及團隊合作讓流程順利結束，並且全數贈品發送完畢，真的超級有成就感的覺得跟大家默契變得好好，活動結束後需要再把多餘的禮品做完寄給社福團體，一整個月我就像是完完全全的基金會實習生，但這禮拜的經歷雖然忙碌但很有趣。
11/30-12/04,109,16,這禮拜剛結束忙碌的工作回歸正常，每天早上的簡報和下午的雜事，幫忙基金會做活動的收尾還有後續捐款收據的寄送，還有在11月底以前將剩餘的小禮品寄送完畢，接下來這個月即將舉辦員工旅遊我負責協助票券等細項，核對員工個人訊息以及分好組別，並加以整理提供一些行程建議這樣，感覺我做的事很多方面很需要面面俱到一樣，還有每個禮拜要給長官看的雜誌如果未送來，我需要去找負責人員或出版社尋求原因並解決，感覺在工作中學到了許多處事態度和處事方法。
12/07-12/11,109,16,這禮拜我真的是學以致用，每天早上搜尋新聞媒體的能力讓我多了一個工作內容，就是尋找關於聖誕樹和台新聖誕的各種新聞，並加以做成檔案這樣，我很輕鬆地完成了這份工作畢竟是我每天的例行公事，還有學到新事物網路新聞發佈，因為我的夥伴即將要請假了，代表著要把他的工作也一起做，平常剪報有分一二批但內含的細節我卻不太清楚，所以要在伙伴請假之前需要全部學好，所以第一個學到的是網路新聞發佈，要將剪報的新聞內容做成重點，要找到長官需要的新聞，每天早上都需要給負責同仁複查再利用公用信箱發給各單位，困難的點是新聞很難抓住長官要的是什麼，所以這需要我每天練習看看和夥伴做得有沒有類似，希望能在伙伴休假前學好。
12/14-12/18,109,16,這禮拜還在努力練習如何抓重點新聞，需要抓董事長會看的內容對一個沒幾個月的實習生來說真的很困難的，而且除了練習這個我還需要學更多的流程細節，但夥伴堅持要下禮拜快休假的時候再教我，說這樣比較有記憶點，但真的很令我擔心我會做不好，除了練習新聞發佈內容外其餘時間在幫基金會準備後續活動的事先準備，和整理幾乎每個禮拜都有的捐款收據並將它寄出，這禮拜我剛好休假兩天所以感覺時間過得特別快，不過每天都在練習新聞發佈流程覺得蠻充實的，希望下禮拜我能有很好的表現。 
12/21-12/25,109,16,這禮拜工作內容超多超級繁忙的，感覺就是今年最後一個月把工作都作完不能拖到明年一樣，又加上夥伴請假感覺過的超不順遂的一週，還有原本星期六預計舉辦員工旅遊，我都將票券備好了但因為疫情取消所以白忙活了一場，工作部份學習到了如何個資掃描還有剪報和影片如何歸檔以及整理，學習完成所有早上的流程，到了當天我超級手忙腳亂還遇到電腦當機完全無法還須請工程師來修理，後來只能利用夥伴的電腦發佈網路新聞完全不知道之前的檔案在哪，第一次包攬全部業務真的超級不習慣，還有點來不急送剪報覺得對於樓上負責的秘書感到很抱歉，我花了一天的時間學習但沒有實作，過程有點崩潰但我至少我有堅持到最後，希望下次能越來越好。
12/28-01/01,109,16,由於上禮拜幫夥伴上班非常的慌亂，所以這禮拜在檢視自己的問題，思考是哪裡出問題還是因為有突發狀況才這樣，還有很重要的一點是我忘記了影片的燒錄歸檔，上禮拜有同仁請我幫忙影片燒錄，我知道軟體但步驟就忘記了所以用超久，所以我請夥伴再教導我然後我再練習這樣，希望下次如果再有同樣情況我能順利解決，這禮拜還遇到協助訂購下午茶但要訂購當天我卻需要休假回學校，整個很煩惱但我想感謝我的同期幫助我解決難題，幫我統計所有同仁的品項然後統計好我來訂購，真的很麻煩他也特別感謝，希望一月的工作能越來越順利。
01/04-01/08,110,16,這禮拜遇到的問題就是處理文具和影印紙的訂購，被這個工作內容搞到快瘋了，要考量到預算還要考量需求，需要的文具預算不夠根本無法訂購還要和樓上組的商量畢竟我們都是同個部門，並且我訂購這麼久了卻不知道原來預算不是算組別是算部門，我們影印紙又消耗大，所以我和部門總務商量以後訂購影印紙就都交給總務，再來是年節新鈔的工作需要統計部門每個同仁需換額度以及確認是否轉帳，這工作內容壓力有點大因為有很重的責任感，需要提醒大家需轉帳也要統計好金額是否缺少，雖然有點辛苦但我一定可以順利圓滿的完成工作。
01/11-01/15,110,16,突然覺得基金會的事務好好玩，可以讓你學習專案過程還能參與會議旁聽，還能讓你試著製作廣告宣傳單，還能獨立製作開會檔案並演講，感覺真的讓你一年裡學到東西出去也有作品這樣，因為我的同期不太會用電腦軟體所以我有協助他檔案的小細節，然後他需要開會講說讓我覺得很好玩，並且他的剪報也受到認同令我很開心，其餘天的工作就是準備星期五尾牙的道具，幾乎天天都在接觸這個工作內容，但我能在星期四前全完成，感覺超級有成就感，這禮拜還需要將新鈔的額度做個統整下禮拜就開始收錢了，很緊張也很激動也有害怕，這感覺是我所有工作中責任感最大的一次。
01/18-01/22,110,16,這禮拜有在學習影片發佈流程其實很簡單，平常工作也不太常會接觸到，除非今天公司網路監測有查到才需要處理，但至少學習了一個新事物我覺得蠻開心的，還有我終於學會了影片燒錄真的是兩倍的開心，希望下次夥伴休假我幫忙時不會再出錯，今天協助基金會對外聯絡社福團體參與我們公司活動，內容為學習改版後的提案網站以及討論彼此專案的後續處理，打給社福團體需要回答他們的疑問以及協助解決，這是一個蠻好的體驗，在公司同仁都各忙各的根本很少時間交集，這個工作能夠人與人接觸我覺得非常有趣。
01/25-01/29,110,16,前陣子部門新鈔換鈔大家將額度轉到我的帳號，我每天都帶著跑感覺很危險壓力也很大，這禮拜終於要全換新鈔了，可以解決一個很重要的工作負擔，還有慶幸的是換鈔總金額不多不少剛剛好，解決我內心的一個結了，再來就是這禮拜被通知夥伴請假還是會很害怕擔心，但這次我最好萬全的準備了，基本上都順順利利的遇到的困難就是有一位我們關係企業的高官過世，每個報紙上都有他都需要做成剪報，因為要剪的實在是太多所以時間上來不及，我覺得我應該要速度加快或是提早開始做剪報，感覺我還是不太熟練需要再多多練習。
02/01-02/05,110,16,這禮拜在瘋狂寄送新年賀禮，還有很多貨物何信件都必須在這禮拜完成寄送，好像大家都不想撐到年後再處理一樣，所以我每天都在跑收發室一直瘋狂叫快遞填寫郵局寄送單，這禮拜還被交待一個雜事聽起來很簡單，幫忙拿個會議便當這樣但突發狀況是有一位吃素，並且要在時間內趕過去買，一起將葷的便當準時送達還要發送給長官們，我非常感謝我的同梯因為我沒有駕照，他騎車載我去買那個很遠的素食便當，真的是神給力還跟我一起發送給長官們，感覺氣氛超沉重全場都是副總處長級別，開會安靜到我連發個便當我都嫌我自己吵，第一次看到高管會議真的是長見識了。
02/08-02/12,110,16,這禮拜只有短短的兩天上班但我卻覺得異常漫長，第一天上午就身體不太舒服下午夥伴休假需要幫助他處理業務和公文，工作其實不忙所以時間才過得比較漫長，再來隔天就是處理今年度最後的會計帳和準備部門開工紅包，下午的時候聽說過年後會有長官來部門祝賀，我們樓層整個全員出動大掃除，清理了一堆不必要的文件和雜誌書籍堆滿垃圾桶，不必要的文件需要銷毀多到連碎紙機都無法運作了，連部門推車上也是滿滿的回收，而我負責的呢就是撥給大樓清潔人員請他們幫忙清理，其他部門的人都安安靜靜沒有動靜，我才發現到我們部門就是累積越來越多一次做清理的那種，整理好久差不多要下班了，全部事情都在過年前解決完成，過個開開心心的年也祝老師新年快樂。
02/15-02/20,110,16,過完春節上班後發現大家的業務都不太繁忙，早上感覺每個人都悠哉悠哉的，連我每天早上要剪的新聞剪報也超少，感覺連報紙媒體都還不想上班一樣，早上大家最緊繃的時候就是長官們的新年問候以及發開工紅包，大家早上互相見面都說新年快樂這種氛圍我從來沒有過，覺得蠻新奇的像是開闊新視野，其他時間我就處理文件銷毀以及作廢，過年前的時候同仁真的清理超多出來堆在我位子上，過年後我才發現我的實習目標都提前達成了，像是新聞發佈流程已經學會了，我現在只差夥伴的業務還沒那麼熟悉而已，希望下次遇到能做好準備。
02/22-02/26,110,16,這禮拜開始寄送我們公司和高雄美術館贊助活動的票券給媒體，需要製作蠻多媒體信件寄送的，前陣子發生過一個郵寄的小插曲，有一天有同仁委託我的夥伴製作平信因為我休假，不知道是不是夥伴從來沒做過一直傳訊息給我，我也很有耐心的教導他雖然做出來的結果和我做的不太一樣，反正最後寄送出去後信件分批的退回來，我後來用我的方法寄結果就沒再退回來了，讓我發現到就算資歷再久本身工作內容再複雜，也不一定會簡單的工作，所以後來票卷就交給我處理了，讓我感覺其實我做的工作內容不是什麼大事但對別人來說像是幫了個大忙一樣，也是蠻有成就感的。
03/01-03/05,110,16,這禮拜每天做剪報的新聞都很少，雜誌需要影印的新聞可能還比較多，這禮拜沒甚麼特別可以分享的新聞，但有好久沒有的早班幫忙，太久沒早班都不習慣我早上還敢不上交通，但我剪剪報的速度有比之前快很多了，覺得這是我的進步我感到很開心，之前一小時都有點趕了我這次竟然才做了半個鐘頭而已，但我還有很多不熟悉夥伴業務的地方，還是會擔心下次夥伴休假的時候我會不會又有什麼突發狀況，不然應該會跟平常這樣一樣的順利，我現在就多多練習每天嘗試著如何流程才會順利才能上手，希望能一點一點的進步就算實習結束我也能增加我的觀察力以及行動力。
03/08-03/12,110,16,這禮拜不慌不忙平平淡淡的過去，每天還是一樣的sop新聞也沒有很多，其餘時間都在將不必要的文件銷毀，不然就是寄送信件和包裹，我休假兩天所以必須要在休假前把事情都處理好，但大家都會把事情堆在我快下班的時候來，所以我休假前加了一點點班，覺得可能是因為太熟練事情都做很快，連平常幫忙夥伴上早班的星期五，我都睡過頭了還能時間內完成，中間還有遇到沒碳粉了要換碳粉的問題，我竟然還有時間能夠解決問題，真的覺得已經很上手所以速度很快進步很多，而且星期五需要剪的新聞還不少，很開心我有如此大的進步。
03/15-03/19,110,16,不知不覺也寫到下學期的最後一週了，進了公司不知不覺剩下四個月合約就結束了，我的職位還不能留任，但我並沒有可惜或遺憾的感覺，感覺這像是人生的一個過程，覺得有經歷過這段經驗也挺好的，而且到目前為止我其實都完成了實習計畫，從一開始的學習和摸索到現在的熟能生巧覺得這些經驗都來之不易，很喜歡這裡的環境也喜歡這裡共事的同仁，每天的工作幾乎都差不多有時候大家都像說好的一樣，會在同一個時間給我很多的工作量這也算我工作的小插曲吧！總而言之在這份工作學到了很多也希望剩下的時光也能順順利利。
03/15-03/19,110,16,經歷了上學期的磨練與付出衍生出下學期的能力與成果，讓我覺得在這個職場上說話方式以及做事效率很重要，說話的方式就是要在甚麼場合就需要說什麼樣的話，腦筋需要轉也需要看場面的眼色也需要有禮貌的對談，儘量不要死腦筋和固執，需要懂得該退讓就退讓該轉彎就轉彎，給與給他人應有的尊重否則在這個職場上非常容易討厭。  再來就是做事效率的部分，幾乎所以處理事情的方法都需要有快速的行動力以及做事的準確度，快速的行動力能帶給工作更好的效率還能節省時間去自我學習，做事的準確度能讓你更有耐心以及定力，訓練以及平衡自己的心態不因心煩而燥動，覺得其實任何工作只要你熟練就沒有什麼處理不好的工作，因為在你熟練的工作過程中能夠舉一反三的發現自我缺失提升自己的能力，我覺得這是最好的成長以及學習。  
03/15-03/19,110,16,在實習的結尾，我其實經歷了很多讓我深刻的事，也接觸到很多同事態度的改變，像是我的組長給人一種強大的氣場，但後來因為我協助他會議的小忙讓我感覺到組長其實是很好相處的，隔壁品牌組的姊姊們平常騎是不常接觸，但也是因為一直不斷地幫忙她們協助活動，關係也慢慢的變好了，起初的大家都是沒話可聊年齡差距大的同事，到現在卻是能開開心心打招呼還能夠互相關心的關係，這是其中讓我深刻的地方。  而到目前為止我另一個最深刻的點就是女子路跑活動支援，之所以讓我印象深刻其中一個原因是因為有加班哈哈，再來就是負責活動的品項包裝寄送，整整花了兩個禮拜的時間，幾乎每天都沒停過活動結束後還要再處理剩餘的物資，剛好最近是我的低潮期透過這次活動也讓我抒發情緒也是一個能夠修護自我的方法。  
03/15-03/19,110,16,實習也快接近尾聲了，這段時間經歷的種種是我從來沒有接觸過的，而且也不是本科系的工作所以其實這經驗也蠻新鮮的，在住實習的過程中不管是行為效率、做事態度、談吐得宜、場面的臨場反應...等真的受益良多，也可能是因為同儕之間的關係引起的，大家都在效率工作自然而然會受到影響，也很謝謝我的主管如果我遇到任何問題都能幫我出面解決，也謝謝品牌組的姊姊她們知道我每天的工作都一成不變，所以讓我協助活動幫忙票卷或是有空讓我做做設計讓我的工作更充實，大家都對我的印象蠻大的也可能是因為我的名字跟我這熱心助人的個性吧！  總而言之第一次踏入金融業是一個蠻好的經驗，也覺得對未來面試也有幫助，我還想學習的是去別的公司體驗他人的公司文化，不單單只是金融業，比較想往科技業、媒體業、設計產業這些方面去挑戰，每個產業能夠增加的能力也有所不同，這是我實習結束最希望的成長學習。
11/09-11/13,109,17,展場的工作持續在進行尤其是年底，各個大大小小的展覽都一起展出，我也蠻喜歡在這種忙碌的日子裡生活，覺得這種日子充實又有趣，每一個展覽都有屬於它獨特的地方，因此會有不同大大小小的廠商來參加，希望能多一些曝光度，覺得成果不錯的通常都會在下一個展覽繼續報名參加，我也充分地享受參與展覽服務消費者的過程，中間雖然會遇到百百種不同的客人不過那也是沒辦法的，不過希望從這麼多次的展覽中磨練自我，從工作中學習不同的東西，這就是實習的目的!  
11/16-11/20,109,17,展覽後我們就會有兩篇的補修時數可以提供我們使用，還不錯不過公司規定如果要修禮拜五，星期四也要跟著使用補修，相對的如果要修禮拜一禮拜二也要一起使用，蠻怪的可能怕大家都休禮拜五吧，這禮拜沒有去展場，反而在忙公司的事情，處理大大小小不同的公事，採購阿等等，公務維修，出展貨物的整理與盤點，事情雖然多但很充實，很累但時間過得快，我每天給自己的目標就是在上班時間內將我所有事情做完，不要加班，到目前為止都是有落石成功的，希望能繼續保持!
11/23-11/27,109,17,這週有出展，去了台中，每次去台中我都覺得很開心台中展覽館很大而且台中也是非常的好玩，尤其是我很多朋友都在台中活動及上班，便可以找他們條天敘敘舊，甚至還會有很多朋友會來探班阿，都有免費的食物跟飲料超讚的，我們這次住碧根行館，很稀歡這間旅館畢竟他就在逢甲夜市的市中心超讚的，逢甲夜市也是我很愛的夜市之一，跟同事望逛夜市聊聊天不僅可以有更好的關係也能在工作上有更好的默契!這次去的是台中的旅展、食品展、建材展。很特別!
11/30-12/04,109,17,這次的展覽是三展合一，我呆的地方一樣是贈，展期一共分為分為4天，星期四到星期一，會多一天的原因是我們要提早一天進場，在展場布置貼海報阿，架設電腦，收取贈品，大會真的非常辛苦我們通常進場都會忙到很晚，為了給予參展的民眾最好的體驗價值，並且呈現出我們最想表達的東西傳遞參加展覽的消費這跟民眾，這次三展合一而且只有一個贈品處因此所有活動都集中在我這，非常的多，贈品處不僅要去跟廠商收贈品，還要將牠們分開歸類，排列好方便大家做拿取!
12/07-12/11,109,17,整理造品是一個非常討厭且有難度的工作之一，你必須先去了解你有甚麼活動並切將活動一個一個區分開來，看活動的贈品來取決於贈品放的順序，贈品百百種我們需要將流程布置到最好這樣才能在教工讀生的時候以最簡單的方式交給他們，並且讓他們學會，畢竟工讀生學習的時間不長，因此整個安排的流程必須完整且簡單化，這次的活動有5-6個非常多，甚至送的贈品數量也是有吃的有喝的有盤子有杯子，甚麼都有，整理起來雖然辛苦但事很充實!非常的有成就感。
12/14-12/18,109,17,這四天可說是上班非常累，但是下班的就會覺得很舒服因為下班我們會一起吃喝玩樂，我們會一起吃吃居酒屋，玩遊戲，喝酒聊天，我也會趁著下班實踐去朋友家玩，每天都玩到1-2點哈哈哈，完全忘了隔天要上班，不過隔天還是有起床啦，畢竟上班還是第一順位，餐廳的遭餐也是非常的豐富，必須嚐嚐，有時候睡太晚我們可以直接上樓跟他說要外帶，他會給尼盒子來裝取要吃的食物，真的很貼心!希望能常常有展覽在台中哈哈，因為這樣又有理由可以到台中玩了，順便工作
12/21-12/25,109,17,經歷過五天的展覽生活回台北當然是先爆休息一波，睡到自然醒事必須的，還要跟朋友約一下出去消磨一下這五天的疲憊感，出完展會有一種疲憊感但是疲憊感中又帶一點想要趕快在接下一次的台中展，哈哈哈雖然剛剛結束了一個大展但是下周並沒有特別的閒，因為聖誕節十二月二十五日我又有另一展要出了這次是寵物展，寵物展相對比教辛苦一點因為要包一些寵物動員令的福袋，而且有好多種，有貓咪的有狗狗的，過一想到寵物展可以看到一堆療育的小動物們，心情就非常的愉悅，也很期待。
12/28-01/01,109,17,寵物展非常的大，攤位也非常的多，寵物餅乾阿、零食阿都深受狗奴們的喜愛，寵物推車阿，飼料阿、貓砂都成為狗努們必買的商品之一，因此每次的寵物展都吸引了非常多大廠商來參加，也因為寵物展非常的受消費者的喜愛因此，有很多收留貓貓狗狗的都會帶貓狗來現場給想養動物的消費者們領養，害得我也非常想領養，寵物展不僅會看到貓貓狗狗，我支籤還看過公雞、鵝、浣熊、龍貓等等不同的家寵，可以說是讓我大開眼界阿!我非常好奇她些動物的動機是甚麼，真的很特別。
01/04-01/08,110,17,展後呢回到公司後把這幾個禮拜沒處理的公事趕快處理完，因為我又要出展了，這次的展覽更特別，是在信義區外接到展出，這次參加的展覽是戶外伴手禮展，重點是這5天非常的冷還下大雨，而切都要展出到晚上八點，我一樣是負責贈品處，但是我還有另一個負責的地方就是零食一把抓，那個活動便是將很多大大小校不同的零食倒進一個大花車，有報名的消費者能將一隻手伸進花車內抓取糖果餅乾，在3秒的時間內妳能抓到多少都歸你，非常有趣跟佛心的活動之一，我自己都想報名了呢哈哈哈未來有機會也要參加看看!
01/11-01/15,110,17,戶外展意外地多人，贈品處排隊排到一個不要不要的，真的累，因為市面費地而且還在信義區大家都依直往裡面湧進來，人生第一次戶外展，完美達成讚讚的，展覽期間也很順利，只是真的會喊倒沒聲音，因為太多人了，中間還有一子差點排到馬路上，嚇死人，好在我們動作很快一次性出動三台電腦將這波如同殭屍消化完畢，太可怕了吧，但是看到來的人這麼多反而欣慰，因為這麼多人來代表我們辦得很成功，展覽的廣告也打得很好，有吸引到消費者的眼球!希望每一展都有同樣的成效!
01/18-01/22,110,17,這次世貿戶外展，真的是人潮非常多的展覽之一，絕對不輸給世貿的其他展覽，為了著個展覽我跟莊硯鈞還特別跑了很多不同的店家找尋聖誕燈飾，非常難找，因為她有她專屬的長度格式等等，可謂是下了一番心血在處理這件事情，好最後有成功找到並順利帶回來開展，戶外展可說是非常亮眼的展覽，不論颳風下雨將展覽做到完美就是我們的責任，大家看得開心，我們自己辦得也很有成就感，展期4天很快就過玩了相信我這一定是辦展很難得的回憶之一!希望大家都可以依同來欣賞!
01/25-01/29,110,17,展期結束後也贏來2月了，準備過年，展期相對也比較少，因此展覽的事情少了很多，也終於可以喘口氣，不過雖然展覽的事情不多但是內勤的事情沒有因此減少，反而因為要過年的緣故內部的清潔與打掃工作變更多，重點是還要支援亞聯送貨，真的是沒有比較輕鬆，不過一想到即將過年就想說再撐一下，過年放11天真的很舒服，不過公司的事情還是要趕快提早處理完才不會有臨時的事情需要加班及處理，一切都很順利的處理完!也可以開開心心的去過年了哈哈哈，把所有事情放到一邊!
02/15-02/19,110,17,襪十一天的廉價就這樣很快地結束了，感覺才修了1-2天，怎麼過得這麼快，真不想回去上班哈哈，部過沒辦法開工了就是必須上班，一回來上班一種莫名的疲憊感便湧了上來，可能是因為休假修太多天跟吃得太豐富太好，因此那種不習慣的感覺一擁而上，ˋ恩希望每天都是過年可以一直放長假，不過雖然類但是不佳般的精神我可沒忘記齁，還是依樣效率的將所有平日該處理的事情處理完，最近也接手了新工作，公務車輛管理!我要去了解公務車的保險內容修繕，保養等等。
02/22-02/25,110,17,剛接手新工作也不太了解但是對這分新工作抱持著新奇好奇的看法居多，因此我上網查了些資料發現其實這個方面可以給我許多不同的職場知識與幫助，因此我研究過後我從我們的公務車A車開始改善，我先將受傷的部分找出當時的事故照及報案三聯單並且連裸保險公司、保養廠等等，保養廠請我把公務車開去並且估價看保險能理賠甚麼部分的金額，從中我發現有很多事我還不了解跟不懂的地方因此我需要更認真的學習，出險不難主要是需要報案單，而且有保險是一件非常重要的事情之一。
03/01-03/05,110,17,剛好利用二二八連續假期的這幾天將損壞的公務車送至保養廠修繕及出險，過了一連續假期就可以將公務車拿回來了，拿回來後發現跟新的一模一樣，非常的新，也希望大家都能好好的愛護公務車不要亂撞根破壞，畢竟出險浪費時間也浪費人力，我也接管裡所有公務車的職權，我每天下班前必須例行性的檢查公務車看狀況是否有毀損，刮傷，如果有必須立刻回報並借用使用人，在我的生活中又學到一樣不同的事情，學以致用，我相信學到就是我自己的!誰都搶不走，增加自己的工作能力跟經驗非常重要!
03/08-03/12,110,17,出險公務車的部分還算順利，我也在這段時間內分別出險了ABCD四輛公務車，並且重一個甚麼也部會的菜鳥慢慢的進步變成可以做很多事情的老鳥哈哈哈，最近我又再一次接回總機的這份工作，又一次回到總機的位置讓我格外的熟悉，不過這次不僅僅是總機，甚至將我列為管理部的一份子之一，這代表的是沒錯我的工作又再一次迎來了大幅度的增加沒錯我的工作又再一次迎來了大幅度的增加，我志從加入了管理部公司的一部份資產變成是我在管理，CALL機阿、制服阿、車輛阿，每一個都是不同的壓力!
02/15-05/19,110,17,管理部的同事都不錯，也都很認真的教導我，我學的蠻快的努力進步，讓自己變得更優秀，出來上半不僅僅是為了磨練自我，另一方面更是讓增廣見聞，看看這社會上都是怎麼樣的歷練，上聯教會我很多事情，不適每一件事情從單方面思考就會有答案的，凡事看事情不能只看一面需要從不同的角度了解到怎麼樣的解決方法是對這件事情最好的，這點讓我了解到處理問題的重要性及理解能力，事情可大可小完全取決於你處理的態度及方法!我相信每個人在上班都有所領悟但能不能學以致用就要看個人的造化了!
03/22-03/26,110,17,總機的位置，每天幫助消費者處理票務問題，為客人解決他們各種不同的問ˋ提，我原本是一個脾氣不太好的人，經過上聯的打磨及修飾，我慢慢地學會沉穩，變成一個穩重的人，在上聯學習到很多，不知不覺我們的一年實習即將告一個段落，下一屆的學弟妹們也即將到來，在上聯認識了各式各樣的同事，一起經歷過的展覽，都是非常充實的!謝謝各位帶給我的回憶!希望大家在上聯都能將自己不足的地方補起來，學習到更多屬於自己的東西並切在未來充分的發揮及使用。
03/22-03/26,110,17,在上聯我學習到很多東西，他教的不只是展覽展務這種實質性的東西，他還無形之中教導我們多平常需要具備的條件，我在還沒來上聯之前是一個非常討厭上台或報告的人，部過在上聯我從每個月的月會，都是我報告的，對PPT的鑽研又更進了一步，月會的報告不只讓我的台風變得更加的穩健，口條也相對的變得更加的流利，跟別人的對話也應對如流，這些都是無形之中慢慢看見他進步的地方，經過這一年的不懈努力及自我進步，我成功地看見了我自己的改變，上聯真的是給與我們不一樣的進步的地方，雖然工作的時候蠻辛苦蠻累的，不過果實是甜美的，也徹底改變了我對實習的看法，原本的我覺得實習沒有甚麼重要性，直到現在突然覺得實習好重要阿，學習到了我之前從來沒接觸到的事情與東西，業拓展了一些人脈，人脈非常的重要，這一年下來的收穫真的不是金錢可以衡量的，學到的東西是無價的，學到的東西別人也搶不走，充實自己，讓自己有更多的籌碼在未來找工作上好好使用，其實這一年的實習在我看來其實是讓我們提早進入社會了解社會的眉角，並且比其他人早一點熟悉與了解職場的環境與工作模式。謝謝上聯陪伴我的這一年，我過得很充實，經歷了這段風風雨雨，這些磨練與阻礙我相信未來的我一定部會辜負我自己，在未來畢業後職場方面一定可以如魚得水，以我自己都優勢沖出自己的一片天的!
03/22-03/26,110,17,在上聯讓我印象最深刻的是出展覽，我最喜歡出展，展覽不僅可以讓我學習到很多，他甚至可以讓我接觸到各種不同的人，從中也讓我學會如何與工讀生相處，並且跟他們當朋友，非常的開心能夠在展場上班，這也是我最初選擇這間大學的目標之一，沒想到真的成功了，展場並非大家想像的輕鬆，其實還蠻累的，不過真的充實阿，每一天都在學習到不同的東西，展覽我覺得真的很好玩，台中展覽我更愛了，出差到台中辦展覽真的是最令我印象深刻，希望我未來還有機會去台中參加展覽我希望還能再去，這一年的十 息我過得非常的愉快，而且很充實謝謝! 
03/22-03/26,110,17,我想學習的事其實還很多，畢竟在上聯的這一年說長不長，學到的東西都很有限沒辦法學到全部，我想學的還有如何成為一個展覽的專案企劃，如何成功的邀請到各個廠商來參加展覽，餅且如何規劃一個完善的展ˋ覽都是我想學習到的。未來我還會繼續朝著我想學習的目標前進，希望上聯能成全我讓我學習到更多不同的東西!謝謝。
